outcome,term,event_week,estimate,std_error,ci_lower,ci_upper,p_value,unit,estimated,n_obs,n_hexagons,cohorts_used
sch_flg,R,-8,0.5407574794481076,1.217594385470315,-1.8457041837861423,2.9272191426823575,0.6569568301363038,percentage_points_per_workday,True,149451,8438,2022-07-27; 2022-08-12; 2022-08-19; 2022-09-22
sch_flg,R,-7,-0.7862095382652398,1.6122500071246357,-3.9461886573098,2.373769580779321,0.6258003684213471,percentage_points_per_workday,True,149451,8438,2022-07-27; 2022-08-12; 2022-08-19; 2022-09-22
sch_flg,R,-6,2.0722137893939676,1.6769622175821508,-1.2146000220924067,5.359027600880341,0.21657402739525833,percentage_points_per_workday,True,149451,8438,2022-07-27; 2022-08-12; 2022-08-19; 2022-09-22
sch_flg,R,-5,1.1421633976658694,1.6508703311757011,-2.0935108164525333,4.377837611784272,0.489029341917687,percentage_points_per_workday,True,149451,8438,2022-07-27; 2022-08-12; 2022-08-19; 2022-09-22
sch_flg,R,-4,1.5902294599391433,1.6930374407388191,-1.7280914808910526,4.908550400769339,0.34759066164638286,percentage_points_per_workday,True,149451,8438,2022-07-27; 2022-08-12; 2022-08-19; 2022-09-22
sch_flg,R,-3,-0.001612597915750745,1.6068760821817136,-3.151058927050618,3.147833731219116,0.9991992758539867,percentage_points_per_workday,True,149451,8438,2022-07-27; 2022-08-12; 2022-08-19; 2022-09-22
sch_flg,R,-2,-1.667722235206316,1.697918049581938,-4.995609075843816,1.660164605431184,0.32599514645535166,percentage_points_per_workday,True,149451,8438,2022-07-27; 2022-08-12; 2022-08-19; 2022-09-22
sch_flg,R,0,-4.493476915037968,2.011366108383757,-8.435715944443814,-0.5512378856321234,0.02548185553248805,percentage_points_per_workday,True,149451,8438,2022-07-27; 2022-08-12; 2022-08-19; 2022-09-22
sch_flg,R,1,-0.973846070320292,1.6916211181000986,-4.289391045919036,2.3416989052784514,0.5648269713128298,percentage_points_per_workday,True,149451,8438,2022-07-27; 2022-08-12; 2022-08-19; 2022-09-22
sch_flg,R,2,-0.6624307325959353,1.6800019008528815,-3.9552022650446736,2.630340799852803,0.6933575315886953,percentage_points_per_workday,True,149451,8438,2022-07-27; 2022-08-12; 2022-08-19; 2022-09-22
sch_flg,R,3,0.5224077967438239,1.7094764951310029,-2.828133375679848,3.872948969167496,0.7599133340208732,percentage_points_per_workday,True,149451,8438,2022-07-27; 2022-08-12; 2022-08-19; 2022-09-22
sch_flg,R,4,3.4932958211133243,2.311801551289609,-1.0377909192604673,8.024382561487116,0.13077265792092252,percentage_points_per_workday,True,149451,8438,2022-07-27; 2022-08-12; 2022-08-19; 2022-09-22
sch_flg,R,5,-1.5497106073456348,2.7550005192761318,-6.949458832123591,3.850037617432321,0.5737706586681677,percentage_points_per_workday,True,149451,8438,2022-07-27; 2022-08-12; 2022-08-19; 2022-09-22
sch_flg,R,6,1.943991274293397,2.6341124339731627,-3.2188186198220934,7.106801168408887,0.4605119195552043,percentage_points_per_workday,True,149451,8438,2022-07-27; 2022-08-12; 2022-08-19; 2022-09-22
sch_flg,R,7,2.741479552683134,2.4354372303619383,-2.0319307494899985,7.514889854856266,0.26031046210461817,percentage_points_per_workday,True,149451,8438,2022-07-27; 2022-08-12; 2022-08-19; 2022-09-22
sch_flg,R,8,-2.4571655015894582,2.6197491013869567,-7.591823539074939,2.6774925358960227,0.3482772412144448,percentage_points_per_workday,True,149451,8438,2022-07-27; 2022-08-12; 2022-08-19; 2022-09-22
sch_flg,W_plus,-8,0.14007412359145255,0.7115034343692418,-1.254458973508722,1.5346072206916268,0.8439290683119529,percentage_points_per_workday,True,149451,8438,2022-07-27; 2022-08-12; 2022-08-19; 2022-09-22
sch_flg,W_plus,-7,0.43208610514188633,0.9302481800194422,-1.3911825017122108,2.2553547119959836,0.6423011922522588,percentage_points_per_workday,True,149451,8438,2022-07-27; 2022-08-12; 2022-08-19; 2022-09-22
sch_flg,W_plus,-6,-0.9581271695662477,0.8849653761176085,-2.6926423485095072,0.7763880093770119,0.2789559232059997,percentage_points_per_workday,True,149451,8438,2022-07-27; 2022-08-12; 2022-08-19; 2022-09-22
sch_flg,W_plus,-5,-0.7735766317485036,1.0347925120497787,-2.8017501260396935,1.254596862542686,0.45472268411900196,percentage_points_per_workday,True,149451,8438,2022-07-27; 2022-08-12; 2022-08-19; 2022-09-22
sch_flg,W_plus,-4,0.6098867911812635,0.9261415053857812,-1.2053328120854667,2.4251063944479934,0.510202292214486,percentage_points_per_workday,True,149451,8438,2022-07-27; 2022-08-12; 2022-08-19; 2022-09-22
sch_flg,W_plus,-3,-0.8454519781534393,0.9537762414080803,-2.7148351344701793,1.0239311781633005,0.37538957360064185,percentage_points_per_workday,True,149451,8438,2022-07-27; 2022-08-12; 2022-08-19; 2022-09-22
sch_flg,W_plus,-2,0.05725847523131271,0.8504445102628633,-1.60959646814657,1.7241134186091953,0.9463209189004136,percentage_points_per_workday,True,149451,8438,2022-07-27; 2022-08-12; 2022-08-19; 2022-09-22
sch_flg,W_plus,0,2.153684518499589,0.9176044413531222,0.35519739714443344,3.952171639854745,0.01892293007342971,percentage_points_per_workday,True,149451,8438,2022-07-27; 2022-08-12; 2022-08-19; 2022-09-22
sch_flg,W_plus,1,-0.05799477989247077,0.9459070352312797,-1.9119544428972184,1.7959648831122765,0.9511113871968724,percentage_points_per_workday,True,149451,8438,2022-07-27; 2022-08-12; 2022-08-19; 2022-09-22
sch_flg,W_plus,2,0.05456900770460972,0.9690803676241853,-1.8448099427286784,1.9539479581378978,0.9550948567537869,percentage_points_per_workday,True,149451,8438,2022-07-27; 2022-08-12; 2022-08-19; 2022-09-22
sch_flg,W_plus,3,0.5985978143375921,0.910800457234103,-1.1865536285263867,2.383749257201571,0.5110394564817664,percentage_points_per_workday,True,149451,8438,2022-07-27; 2022-08-12; 2022-08-19; 2022-09-22
sch_flg,W_plus,4,-0.9250080491053811,0.9609394915370371,-2.8084310384083,0.9584149401975381,0.3357459311749602,percentage_points_per_workday,True,149451,8438,2022-07-27; 2022-08-12; 2022-08-19; 2022-09-22
sch_flg,W_plus,5,0.450774355004379,0.9658871696833703,-1.442345988654922,2.34389469866368,0.6407190947705637,percentage_points_per_workday,True,149451,8438,2022-07-27; 2022-08-12; 2022-08-19; 2022-09-22
sch_flg,W_plus,6,-0.42570175908880625,0.914571269104353,-2.2182439209598743,1.3668404027822618,0.6415985554988928,percentage_points_per_workday,True,149451,8438,2022-07-27; 2022-08-12; 2022-08-19; 2022-09-22
sch_flg,W_plus,7,0.3618208009374278,1.0298310197238463,-1.6566282634700817,2.3802698653449372,0.7253338369628541,percentage_points_per_workday,True,149451,8438,2022-07-27; 2022-08-12; 2022-08-19; 2022-09-22
sch_flg,W_plus,8,-0.3280287374681892,1.019654306036572,-2.3265316380610463,1.6704741631246678,0.7476760364953732,percentage_points_per_workday,True,149451,8438,2022-07-27; 2022-08-12; 2022-08-19; 2022-09-22
sch_flg,W_minus,-8,0.19300803836564448,0.19013775149265916,-0.1796583110241987,0.5656743877554876,0.31006189467519363,percentage_points_per_workday,True,149451,8438,2022-07-27; 2022-08-12; 2022-08-19; 2022-09-22
sch_flg,W_minus,-7,0.27767804425093573,0.26272717415283275,-0.23726218254997836,0.7926182710518499,0.29055609948711525,percentage_points_per_workday,True,149451,8438,2022-07-27; 2022-08-12; 2022-08-19; 2022-09-22
sch_flg,W_minus,-6,0.14332923837988035,0.2656043207651159,-0.3772501406474674,0.6639086174072282,0.5894500155745546,percentage_points_per_workday,True,149451,8438,2022-07-27; 2022-08-12; 2022-08-19; 2022-09-22
sch_flg,W_minus,-5,0.14037379597295507,0.2608329589085631,-0.3708538052473005,0.6516013971932106,0.5904570402502158,percentage_points_per_workday,True,149451,8438,2022-07-27; 2022-08-12; 2022-08-19; 2022-09-22
sch_flg,W_minus,-4,0.030942225347584628,0.25571226757893195,-0.4702489189924098,0.5321333696875791,0.9036879835152565,percentage_points_per_workday,True,149451,8438,2022-07-27; 2022-08-12; 2022-08-19; 2022-09-22
sch_flg,W_minus,-3,0.0840394240605935,0.2508522181725251,-0.4076261165740798,0.5757049646952668,0.7376137644877616,percentage_points_per_workday,True,149451,8438,2022-07-27; 2022-08-12; 2022-08-19; 2022-09-22
sch_flg,W_minus,-2,0.4886568844442502,0.24468711441982707,0.00907482902538009,0.9682389398631204,0.04581968354524779,percentage_points_per_workday,True,149451,8438,2022-07-27; 2022-08-12; 2022-08-19; 2022-09-22
sch_flg,W_minus,0,0.25381406814449436,0.2546681292577448,-0.24533058509438968,0.7529587213833785,0.31893790003205114,percentage_points_per_workday,True,149451,8438,2022-07-27; 2022-08-12; 2022-08-19; 2022-09-22
sch_flg,W_minus,1,0.10469915098781245,0.24116846151881044,-0.3679864121716418,0.5773847141472668,0.6641926389889403,percentage_points_per_workday,True,149451,8438,2022-07-27; 2022-08-12; 2022-08-19; 2022-09-22
sch_flg,W_minus,2,0.14077062628858947,0.23713486971164385,-0.32400917422296915,0.605550426800148,0.5527598496990827,percentage_points_per_workday,True,149451,8438,2022-07-27; 2022-08-12; 2022-08-19; 2022-09-22
sch_flg,W_minus,3,0.2908831677170429,0.2514519836840767,-0.20195790182719822,0.7837242372612842,0.2473503357584277,percentage_points_per_workday,True,149451,8438,2022-07-27; 2022-08-12; 2022-08-19; 2022-09-22
sch_flg,W_minus,4,0.13238274015174534,0.2577217904569657,-0.37274703052148994,0.6375125108249806,0.6074868244757679,percentage_points_per_workday,True,149451,8438,2022-07-27; 2022-08-12; 2022-08-19; 2022-09-22
sch_flg,W_minus,5,0.06916635457157279,0.2752732896229421,-0.4703640181344253,0.608696727277571,0.8016101295232958,percentage_points_per_workday,True,149451,8438,2022-07-27; 2022-08-12; 2022-08-19; 2022-09-22
sch_flg,W_minus,6,0.2860100053625737,0.258048459856636,-0.21976003107417688,0.7917800417993244,0.26770924596179824,percentage_points_per_workday,True,149451,8438,2022-07-27; 2022-08-12; 2022-08-19; 2022-09-22
sch_flg,W_minus,7,0.03696624122186324,0.2538338342855113,-0.4605432098587133,0.5344756923024397,0.8842123863284508,percentage_points_per_workday,True,149451,8438,2022-07-27; 2022-08-12; 2022-08-19; 2022-09-22
sch_flg,W_minus,8,0.2140374903996981,0.29934701751346043,-0.3726769276562329,0.800751908455629,0.4746012026072819,percentage_points_per_workday,True,149451,8438,2022-07-27; 2022-08-12; 2022-08-19; 2022-09-22
meet_flg,R,-8,2.147203764892766,1.8256086293515463,-1.4309547848465873,5.725362314632119,0.239533867461019,percentage_points_per_workday,True,146539,8305,2022-08-12; 2022-08-19; 2022-09-22
meet_flg,R,-7,-0.5212089939544897,2.3531762475130877,-5.133390144781602,4.090972156872623,0.8247099307903742,percentage_points_per_workday,True,146539,8305,2022-08-12; 2022-08-19; 2022-09-22
meet_flg,R,-6,3.750559983185399,2.510783861842868,-1.1705291250490135,8.67164909141981,0.13523528535328166,percentage_points_per_workday,True,146539,8305,2022-08-12; 2022-08-19; 2022-09-22
meet_flg,R,-5,4.828858166543728,2.3822941129728594,0.1596065475067611,9.498109785580693,0.04266656378756295,percentage_points_per_workday,True,146539,8305,2022-08-12; 2022-08-19; 2022-09-22
meet_flg,R,-4,3.1828885574271957,2.4799826227123667,-1.677830701889206,8.043607816743597,0.1993429947714067,percentage_points_per_workday,True,146539,8305,2022-08-12; 2022-08-19; 2022-09-22
meet_flg,R,-3,1.9171010419007997,2.4506687829500837,-2.886163643261688,6.720365727063288,0.4340533304858343,percentage_points_per_workday,True,146539,8305,2022-08-12; 2022-08-19; 2022-09-22
meet_flg,R,-2,-0.3931923936529467,2.3707419537101044,-5.039801997983476,4.253417210677582,0.8682736327445086,percentage_points_per_workday,True,146539,8305,2022-08-12; 2022-08-19; 2022-09-22
meet_flg,R,0,-3.921350084327694,2.6098029543692225,-9.03651475005794,1.1938145814025525,0.13295833757071018,percentage_points_per_workday,True,146539,8305,2022-08-12; 2022-08-19; 2022-09-22
meet_flg,R,1,-3.122867953663556,2.4760966807202958,-7.975970839821348,1.730234932494235,0.2072367750419024,percentage_points_per_workday,True,146539,8305,2022-08-12; 2022-08-19; 2022-09-22
meet_flg,R,2,-0.20667650273800878,2.371013745966695,-4.853818814775456,4.440465809299439,0.9305381091652385,percentage_points_per_workday,True,146539,8305,2022-08-12; 2022-08-19; 2022-09-22
meet_flg,R,3,7.022792626102076,2.5529277467617963,2.019102296709184,12.026482955494968,0.005944353220620924,percentage_points_per_workday,True,146539,8305,2022-08-12; 2022-08-19; 2022-09-22
meet_flg,R,4,1.7728038858676007,3.7630439314727417,-5.6026913873041995,9.148299159039402,0.6375636389409585,percentage_points_per_workday,True,146539,8305,2022-08-12; 2022-08-19; 2022-09-22
meet_flg,R,5,-3.42861882879055,3.764845166219595,-10.807644488161188,3.9504068305800875,0.36245864765594993,percentage_points_per_workday,True,146539,8305,2022-08-12; 2022-08-19; 2022-09-22
meet_flg,R,6,0.00468017496074296,3.7609807553031267,-7.3667713117541815,7.376131661675668,0.9990071122782569,percentage_points_per_workday,True,146539,8305,2022-08-12; 2022-08-19; 2022-09-22
meet_flg,R,7,-20.966631411501982,3.759583923114098,-28.335345133419253,-13.597917689584706,2.453712677485953e-08,percentage_points_per_workday,True,146539,8305,2022-08-12; 2022-08-19; 2022-09-22
meet_flg,R,8,-14.036988422916934,2.990326257180062,-19.897971599491584,-8.176005246342285,2.6799677717015413e-06,percentage_points_per_workday,True,146539,8305,2022-08-12; 2022-08-19; 2022-09-22
meet_flg,W_plus,-8,0.9455977581381204,0.942776100486872,-0.9022256527565005,2.7934211690327415,0.31586603396217106,percentage_points_per_workday,True,146539,8305,2022-08-12; 2022-08-19; 2022-09-22
meet_flg,W_plus,-7,1.6056281357131372,1.190060279870724,-0.7268676120951726,3.9381238835214467,0.1772752707470504,percentage_points_per_workday,True,146539,8305,2022-08-12; 2022-08-19; 2022-09-22
meet_flg,W_plus,-6,1.1815872849403202,1.31027759495682,-1.3865321375626116,3.7497067074432526,0.3671732295751684,percentage_points_per_workday,True,146539,8305,2022-08-12; 2022-08-19; 2022-09-22
meet_flg,W_plus,-5,-0.17067510285966098,1.300485373917776,-2.719601956446966,2.3782517507276437,0.8955860090069319,percentage_points_per_workday,True,146539,8305,2022-08-12; 2022-08-19; 2022-09-22
meet_flg,W_plus,-4,1.6797612928825638,1.2828936937718634,-0.8346861987504016,4.19420878451553,0.19041682974595142,percentage_points_per_workday,True,146539,8305,2022-08-12; 2022-08-19; 2022-09-22
meet_flg,W_plus,-3,0.8903726224273057,1.1858400708152181,-1.433851595070036,3.2145968399246474,0.45275202858143304,percentage_points_per_workday,True,146539,8305,2022-08-12; 2022-08-19; 2022-09-22
meet_flg,W_plus,-2,0.8033106653535533,1.2835349865298404,-1.712393748013868,3.3190150787209745,0.5314091069072839,percentage_points_per_workday,True,146539,8305,2022-08-12; 2022-08-19; 2022-09-22
meet_flg,W_plus,0,4.534948881063704,1.2188425286332871,2.14604046745469,6.923857294672716,0.0001987491086621329,percentage_points_per_workday,True,146539,8305,2022-08-12; 2022-08-19; 2022-09-22
meet_flg,W_plus,1,1.3299423562155452,1.3032651567946507,-1.2244328194860352,3.8843175319171253,0.30750763142667425,percentage_points_per_workday,True,146539,8305,2022-08-12; 2022-08-19; 2022-09-22
meet_flg,W_plus,2,1.7476841424602505,1.2518787322556972,-0.70597460840174,4.2013428933222405,0.1627019643557439,percentage_points_per_workday,True,146539,8305,2022-08-12; 2022-08-19; 2022-09-22
meet_flg,W_plus,3,0.9861969778893117,1.330398400387266,-1.6213588445194236,3.593752800298047,0.45852528820611527,percentage_points_per_workday,True,146539,8305,2022-08-12; 2022-08-19; 2022-09-22
meet_flg,W_plus,4,0.1351103346573282,1.5085681069238412,-2.8216547588397254,3.091875428154382,0.9286354347933252,percentage_points_per_workday,True,146539,8305,2022-08-12; 2022-08-19; 2022-09-22
meet_flg,W_plus,5,3.2444921901786614,1.3234475872544151,0.6505598306737935,5.838424549683529,0.014225644482581234,percentage_points_per_workday,True,146539,8305,2022-08-12; 2022-08-19; 2022-09-22
meet_flg,W_plus,6,1.8562021535348514,1.33011225232563,-0.7507928240592984,4.463197131129001,0.162860449377352,percentage_points_per_workday,True,146539,8305,2022-08-12; 2022-08-19; 2022-09-22
meet_flg,W_plus,7,4.847196783331067,1.3145509983216344,2.2707015706722093,7.423691995989924,0.00022669710280642796,percentage_points_per_workday,True,146539,8305,2022-08-12; 2022-08-19; 2022-09-22
meet_flg,W_plus,8,4.278650723885876,1.2648102015431988,1.7996465366319678,6.757654911139785,0.0007176030065640937,percentage_points_per_workday,True,146539,8305,2022-08-12; 2022-08-19; 2022-09-22
meet_flg,W_minus,-8,0.23159850486297362,0.2597730823447641,-0.2775518467730302,0.7407488564989774,0.37264024857293343,percentage_points_per_workday,True,146539,8305,2022-08-12; 2022-08-19; 2022-09-22
meet_flg,W_minus,-7,0.35631142554323075,0.354283017751144,-0.33807662051020704,1.0506994715966684,0.314549450595238,percentage_points_per_workday,True,146539,8305,2022-08-12; 2022-08-19; 2022-09-22
meet_flg,W_minus,-6,0.02223543102290599,0.3514739015583253,-0.6666468001691528,0.7111176622149648,0.9495568583606679,percentage_points_per_workday,True,146539,8305,2022-08-12; 2022-08-19; 2022-09-22
meet_flg,W_minus,-5,0.19334909782804244,0.3613392174907267,-0.5148689668947443,0.9015671625508292,0.5925883031980166,percentage_points_per_workday,True,146539,8305,2022-08-12; 2022-08-19; 2022-09-22
meet_flg,W_minus,-4,0.25126602301489886,0.35616617430491543,-0.4468129744369052,0.949345020466703,0.48051641483361385,percentage_points_per_workday,True,146539,8305,2022-08-12; 2022-08-19; 2022-09-22
meet_flg,W_minus,-3,-0.017988868963091695,0.3537687869248583,-0.7113690322764773,0.6753912943502939,0.9594457385899198,percentage_points_per_workday,True,146539,8305,2022-08-12; 2022-08-19; 2022-09-22
meet_flg,W_minus,-2,0.5016218683520641,0.35202354662740687,-0.18833765682931747,1.1915813935334456,0.15416905872719266,percentage_points_per_workday,True,146539,8305,2022-08-12; 2022-08-19; 2022-09-22
meet_flg,W_minus,0,-0.048371149410986636,0.3658295286474642,-0.7653901394789703,0.668647840656997,0.8948079473578459,percentage_points_per_workday,True,146539,8305,2022-08-12; 2022-08-19; 2022-09-22
meet_flg,W_minus,1,0.02650804069756626,0.3368738492021912,-0.6337583626961218,0.6867744440912543,0.9372806419127231,percentage_points_per_workday,True,146539,8305,2022-08-12; 2022-08-19; 2022-09-22
meet_flg,W_minus,2,-0.09932440624186199,0.31938023516342195,-0.7253036554052941,0.5266548429215702,0.75580786783501,percentage_points_per_workday,True,146539,8305,2022-08-12; 2022-08-19; 2022-09-22
meet_flg,W_minus,3,-0.4055163225935624,0.36405980440269076,-1.119066686453657,0.3080340412665322,0.26533568953536246,percentage_points_per_workday,True,146539,8305,2022-08-12; 2022-08-19; 2022-09-22
meet_flg,W_minus,4,0.09288067097236538,0.39551945902815044,-0.6823300237823743,0.8680913657271052,0.8143393891414079,percentage_points_per_workday,True,146539,8305,2022-08-12; 2022-08-19; 2022-09-22
meet_flg,W_minus,5,0.28875699619394646,0.3731477328511008,-0.44260553636117034,1.0201195287490634,0.4390261785207974,percentage_points_per_workday,True,146539,8305,2022-08-12; 2022-08-19; 2022-09-22
meet_flg,W_minus,6,0.2423434876825486,0.3526895552410697,-0.44892140184520124,0.9336083772102984,0.49200212000338506,percentage_points_per_workday,True,146539,8305,2022-08-12; 2022-08-19; 2022-09-22
meet_flg,W_minus,7,0.7602163910695651,0.33433972799797407,0.10491681753588174,1.4155159646032485,0.022980493703569138,percentage_points_per_workday,True,146539,8305,2022-08-12; 2022-08-19; 2022-09-22
meet_flg,W_minus,8,1.1996403760565588,0.3893567044631336,0.4365085642465131,1.9627721878666047,0.0020628963004463152,percentage_points_per_workday,True,146539,8305,2022-08-12; 2022-08-19; 2022-09-22
success_within_20,R,-8,1.7882457662557822,1.8923511048162558,-1.9207310149981494,5.497222547509714,0.34466776811365585,percentage_points_per_workday,True,130562,8250,2022-08-12; 2022-08-19; 2022-09-22
success_within_20,R,-7,-1.8221116879518586,2.4783403895477547,-6.6796177487888,3.0353943728850834,0.46221030698576837,percentage_points_per_workday,True,130562,8250,2022-08-12; 2022-08-19; 2022-09-22
success_within_20,R,-6,3.020239491271003,2.617299184688763,-2.109623503444267,8.150102485986272,0.24852181555252884,percentage_points_per_workday,True,130562,8250,2022-08-12; 2022-08-19; 2022-09-22
success_within_20,R,-5,3.7624752116917994,2.514704474039214,-1.1663038516588466,8.691254275042445,0.1346067838470164,percentage_points_per_workday,True,130562,8250,2022-08-12; 2022-08-19; 2022-09-22
success_within_20,R,-4,5.109574592453595,2.562329177797879,0.08745189958017235,10.131697285327018,0.04614189854698436,percentage_points_per_workday,True,130562,8250,2022-08-12; 2022-08-19; 2022-09-22
success_within_20,R,-3,2.4454116970143067,2.540824387176049,-2.5345619628920875,7.425385356920701,0.33582644957580543,percentage_points_per_workday,True,130562,8250,2022-08-12; 2022-08-19; 2022-09-22
success_within_20,R,-2,0.6194287638122783,2.44008167155052,-4.163090844261679,5.4019483718862356,0.799607428659517,percentage_points_per_workday,True,130562,8250,2022-08-12; 2022-08-19; 2022-09-22
success_within_20,R,0,-5.104288726296958,2.725834195786331,-10.446878542736522,0.23830109014260636,0.06113152466539895,percentage_points_per_workday,True,130562,8250,2022-08-12; 2022-08-19; 2022-09-22
success_within_20,R,1,-12.58488007802397,3.7490882364034763,-19.933030843652066,-5.236729312395871,0.0007887868937579423,percentage_points_per_workday,True,130562,8250,2022-08-12; 2022-08-19; 2022-09-22
success_within_20,R,2,-5.0275161048170105,4.0615935012098445,-12.988172006641266,2.933139797007245,0.21578569917938473,percentage_points_per_workday,True,130562,8250,2022-08-12; 2022-08-19; 2022-09-22
success_within_20,R,3,-5.95494873301206,3.9064054634896843,-13.611438654660917,1.7015411886367973,0.12740986086013062,percentage_points_per_workday,True,130562,8250,2022-08-12; 2022-08-19; 2022-09-22
success_within_20,R,4,-0.12270400570384588,3.933436466335368,-7.83217424462759,7.586766233219899,0.97511398611084,percentage_points_per_workday,True,130562,8250,2022-08-12; 2022-08-19; 2022-09-22
success_within_20,R,5,-5.528884409209132,3.9819967207623375,-13.333531941449648,2.2757631230313846,0.16499639824105383,percentage_points_per_workday,True,130562,8250,2022-08-12; 2022-08-19; 2022-09-22
success_within_20,R,6,4.352106499119243,6.0047632680953145,-7.41712991879937,16.121342917037857,0.46859103484705655,percentage_points_per_workday,True,130562,8250,2022-08-12; 2022-08-19; 2022-09-22
success_within_20,R,7,,,,,,percentage_points_per_workday,False,130562,8250,2022-08-12; 2022-08-19; 2022-09-22
success_within_20,R,8,,,,,,percentage_points_per_workday,False,130562,8250,2022-08-12; 2022-08-19; 2022-09-22
success_within_20,W_plus,-8,0.5816137773117812,0.9840363303280197,-1.3470811101263171,2.5103086647498793,0.5544886239771154,percentage_points_per_workday,True,130562,8250,2022-08-12; 2022-08-19; 2022-09-22
success_within_20,W_plus,-7,0.8600925829837461,1.2902289997035414,-1.6687348582989214,3.3889200242664135,0.5050160874047163,percentage_points_per_workday,True,130562,8250,2022-08-12; 2022-08-19; 2022-09-22
success_within_20,W_plus,-6,1.7333966276500024,1.3377728513369986,-0.8886159743309474,4.355409229630952,0.195069886705038,percentage_points_per_workday,True,130562,8250,2022-08-12; 2022-08-19; 2022-09-22
success_within_20,W_plus,-5,-1.375489079504299,1.4136102093291132,-4.146141645405532,1.395163486396933,0.3305389356033559,percentage_points_per_workday,True,130562,8250,2022-08-12; 2022-08-19; 2022-09-22
success_within_20,W_plus,-4,1.3757453591178055,1.344903845285638,-1.2602438727366656,4.011734590972277,0.30634196213155995,percentage_points_per_workday,True,130562,8250,2022-08-12; 2022-08-19; 2022-09-22
success_within_20,W_plus,-3,0.14765101141447412,1.2416273048213589,-2.285917913946484,2.5812199367754323,0.9053410427126418,percentage_points_per_workday,True,130562,8250,2022-08-12; 2022-08-19; 2022-09-22
success_within_20,W_plus,-2,0.06071189485392771,1.3247986409694616,-2.535871469980794,2.65729525968865,0.9634480043871481,percentage_points_per_workday,True,130562,8250,2022-08-12; 2022-08-19; 2022-09-22
success_within_20,W_plus,0,4.176569326952873,1.2748894658702472,1.6778071175809997,6.675331536324746,0.001053087092210525,percentage_points_per_workday,True,130562,8250,2022-08-12; 2022-08-19; 2022-09-22
success_within_20,W_plus,1,2.9371831414674943,1.5018575973950403,-0.006432841481342211,5.880799124416331,0.05050276346522664,percentage_points_per_workday,True,130562,8250,2022-08-12; 2022-08-19; 2022-09-22
success_within_20,W_plus,2,1.340615104667345,1.5590877944535333,-1.715171115367145,4.396401324701835,0.3898615884215815,percentage_points_per_workday,True,130562,8250,2022-08-12; 2022-08-19; 2022-09-22
success_within_20,W_plus,3,1.1291142960770908,1.6748254355127397,-2.153515780952626,4.411744373106807,0.500205567088329,percentage_points_per_workday,True,130562,8250,2022-08-12; 2022-08-19; 2022-09-22
success_within_20,W_plus,4,0.1961491102623622,1.588888928340354,-2.9180468379456905,3.3103450584704146,0.9017505840157722,percentage_points_per_workday,True,130562,8250,2022-08-12; 2022-08-19; 2022-09-22
success_within_20,W_plus,5,3.7158662049748927,1.3975068506886033,0.976775954938747,6.454956455011039,0.00784005840369395,percentage_points_per_workday,True,130562,8250,2022-08-12; 2022-08-19; 2022-09-22
success_within_20,W_plus,6,1.4215565754927433,1.7383544204335633,-1.98558925836892,4.828702409354406,0.41349588281379956,percentage_points_per_workday,True,130562,8250,2022-08-12; 2022-08-19; 2022-09-22
success_within_20,W_plus,7,,,,,,percentage_points_per_workday,False,130562,8250,2022-08-12; 2022-08-19; 2022-09-22
success_within_20,W_plus,8,,,,,,percentage_points_per_workday,False,130562,8250,2022-08-12; 2022-08-19; 2022-09-22
success_within_20,W_minus,-8,0.37292952008736996,0.26703471812929747,-0.15045409873976168,0.8963131389145016,0.16254901213064032,percentage_points_per_workday,True,130562,8250,2022-08-12; 2022-08-19; 2022-09-22
success_within_20,W_minus,-7,0.47450458380943283,0.36514229249916774,-0.24116825369222394,1.1901774213110896,0.19377280458140267,percentage_points_per_workday,True,130562,8250,2022-08-12; 2022-08-19; 2022-09-22
success_within_20,W_minus,-6,0.24126001616698572,0.3594570787009771,-0.4632698965781149,0.9457899289120864,0.5021078216293993,percentage_points_per_workday,True,130562,8250,2022-08-12; 2022-08-19; 2022-09-22
success_within_20,W_minus,-5,0.387459944355981,0.35567272034970954,-0.30965268878330415,1.0845725774952661,0.27599197228335837,percentage_points_per_workday,True,130562,8250,2022-08-12; 2022-08-19; 2022-09-22
success_within_20,W_minus,-4,-0.22942894350211437,0.359057499501675,-0.9331756876435072,0.4743178006392785,0.5228400721796385,percentage_points_per_workday,True,130562,8250,2022-08-12; 2022-08-19; 2022-09-22
success_within_20,W_minus,-3,0.0634052913422046,0.37475030585940544,-0.6710990929989374,0.7979096756833467,0.8656447741244571,percentage_points_per_workday,True,130562,8250,2022-08-12; 2022-08-19; 2022-09-22
success_within_20,W_minus,-2,0.3388715509606342,0.35453891800448467,-0.3560188483858482,1.0337619503071165,0.33917054423595006,percentage_points_per_workday,True,130562,8250,2022-08-12; 2022-08-19; 2022-09-22
success_within_20,W_minus,0,0.03217551365661718,0.3803435924647411,-0.7132916196676757,0.77764264698091,0.932582786665811,percentage_points_per_workday,True,130562,8250,2022-08-12; 2022-08-19; 2022-09-22
success_within_20,W_minus,1,0.2036025773281307,0.36110390543758575,-0.5041550885084992,0.9113602431647605,0.5728683007363866,percentage_points_per_workday,True,130562,8250,2022-08-12; 2022-08-19; 2022-09-22
success_within_20,W_minus,2,-0.03227424814741425,0.3494024407227829,-0.7170972372089962,0.6525487409141676,0.9264043513375149,percentage_points_per_workday,True,130562,8250,2022-08-12; 2022-08-19; 2022-09-22
success_within_20,W_minus,3,0.13856506909704916,0.3898946582098737,-0.6256219946855854,0.9027521328796837,0.7222972723666103,percentage_points_per_workday,True,130562,8250,2022-08-12; 2022-08-19; 2022-09-22
success_within_20,W_minus,4,-0.10858429903855898,0.4105780805013979,-0.9133105274830189,0.696141929405901,0.7914206380861708,percentage_points_per_workday,True,130562,8250,2022-08-12; 2022-08-19; 2022-09-22
success_within_20,W_minus,5,0.18017350532853374,0.4092994365402675,-0.6220466021581119,0.9823936128151793,0.6597932277040752,percentage_points_per_workday,True,130562,8250,2022-08-12; 2022-08-19; 2022-09-22
success_within_20,W_minus,6,-2.576715813319817,5.879171491494639,-14.099794432010382,8.946362805370747,0.6611850183416323,percentage_points_per_workday,True,130562,8250,2022-08-12; 2022-08-19; 2022-09-22
success_within_20,W_minus,7,,,,,,percentage_points_per_workday,False,130562,8250,2022-08-12; 2022-08-19; 2022-09-22
success_within_20,W_minus,8,,,,,,percentage_points_per_workday,False,130562,8250,2022-08-12; 2022-08-19; 2022-09-22
utlz_within_25,R,-8,2.393906931548154,1.9476162701048225,-1.4233897231605823,6.21120358625689,0.2190190862821546,percentage_points_per_workday,True,127189,8227,2022-08-12; 2022-08-19; 2022-09-22
utlz_within_25,R,-7,2.0973593397344734,2.6769672224482797,-3.1494534846761444,7.344172164145091,0.43334486970505326,percentage_points_per_workday,True,127189,8227,2022-08-12; 2022-08-19; 2022-09-22
utlz_within_25,R,-6,2.6458615908941656,2.7449242053750327,-2.734145830199725,8.025869011988055,0.33509270222782517,percentage_points_per_workday,True,127189,8227,2022-08-12; 2022-08-19; 2022-09-22
utlz_within_25,R,-5,5.672632078843188,2.732528334719587,0.3169203654364634,11.028343792249911,0.037899372085822725,percentage_points_per_workday,True,127189,8227,2022-08-12; 2022-08-19; 2022-09-22
utlz_within_25,R,-4,5.528715247388039,2.705403947846543,0.22616689724789946,10.831263597528178,0.0409970450224022,percentage_points_per_workday,True,127189,8227,2022-08-12; 2022-08-19; 2022-09-22
utlz_within_25,R,-3,2.5402632742410085,2.6105697925143683,-2.5764116523411333,7.65693820082315,0.3305212325382936,percentage_points_per_workday,True,127189,8227,2022-08-12; 2022-08-19; 2022-09-22
utlz_within_25,R,-2,2.824608160944594,2.602985864472953,-2.277202388302844,7.926418710192032,0.27786116242041015,percentage_points_per_workday,True,127189,8227,2022-08-12; 2022-08-19; 2022-09-22
utlz_within_25,R,0,-0.416121357199814,3.5418081834381936,-7.358008595352213,6.5257658809525845,0.9064732388836596,percentage_points_per_workday,True,127189,8227,2022-08-12; 2022-08-19; 2022-09-22
utlz_within_25,R,1,-6.550555767722842,3.7853106156013214,-13.969703867769622,0.8685923323239392,0.08354000710966636,percentage_points_per_workday,True,127189,8227,2022-08-12; 2022-08-19; 2022-09-22
utlz_within_25,R,2,0.9895309256153161,4.40350104756431,-7.6412605069131025,9.620322358143735,0.8222017015609722,percentage_points_per_workday,True,127189,8227,2022-08-12; 2022-08-19; 2022-09-22
utlz_within_25,R,3,-1.344943091084843,3.9026140101840427,-8.994003963272565,6.304117781102877,0.7303760061636397,percentage_points_per_workday,True,127189,8227,2022-08-12; 2022-08-19; 2022-09-22
utlz_within_25,R,4,2.248115648023678,4.12601203725028,-5.838801774490861,10.335033070538218,0.5858480432019477,percentage_points_per_workday,True,127189,8227,2022-08-12; 2022-08-19; 2022-09-22
utlz_within_25,R,5,-5.248418824005334,5.177939882271882,-15.397097952576994,4.900260304566327,0.3107702874614675,percentage_points_per_workday,True,127189,8227,2022-08-12; 2022-08-19; 2022-09-22
utlz_within_25,R,6,25.35124095800645,16.72343817339115,-7.426429661411083,58.12891157742398,0.12954456458381247,percentage_points_per_workday,True,127189,8227,2022-08-12; 2022-08-19; 2022-09-22
utlz_within_25,R,7,,,,,,percentage_points_per_workday,False,127189,8227,2022-08-12; 2022-08-19; 2022-09-22
utlz_within_25,R,8,,,,,,percentage_points_per_workday,False,127189,8227,2022-08-12; 2022-08-19; 2022-09-22
utlz_within_25,W_plus,-8,-0.593411785246729,0.9742216627632243,-2.502870620282382,1.316047049788924,0.5424502266054887,percentage_points_per_workday,True,127189,8227,2022-08-12; 2022-08-19; 2022-09-22
utlz_within_25,W_plus,-7,-1.2609370024370257,1.2953531659381223,-3.7998084335818443,1.2779344287077932,0.33034109222308405,percentage_points_per_workday,True,127189,8227,2022-08-12; 2022-08-19; 2022-09-22
utlz_within_25,W_plus,-6,-1.0247021779389236,1.3244115820374036,-3.6205276386169576,1.5711232827391108,0.43910755540436996,percentage_points_per_workday,True,127189,8227,2022-08-12; 2022-08-19; 2022-09-22
utlz_within_25,W_plus,-5,-1.0651791065365415,1.4092126144888062,-3.827213230831441,1.696855017758358,0.44972967669229647,percentage_points_per_workday,True,127189,8227,2022-08-12; 2022-08-19; 2022-09-22
utlz_within_25,W_plus,-4,1.8128373671558977,1.3833759024074792,-0.8985572158132279,4.524231950125024,0.1900480365630277,percentage_points_per_workday,True,127189,8227,2022-08-12; 2022-08-19; 2022-09-22
utlz_within_25,W_plus,-3,-0.9669556452375407,1.2909665583571717,-3.497229395873467,1.5633181053983856,0.45384856113121863,percentage_points_per_workday,True,127189,8227,2022-08-12; 2022-08-19; 2022-09-22
utlz_within_25,W_plus,-2,-0.6348754773232512,1.3266783561359665,-3.235143778881311,1.9653928242348087,0.6322631364079541,percentage_points_per_workday,True,127189,8227,2022-08-12; 2022-08-19; 2022-09-22
utlz_within_25,W_plus,0,1.4661809626741578,1.5327682737547301,-1.538020272270705,4.470382197619021,0.338792604594119,percentage_points_per_workday,True,127189,8227,2022-08-12; 2022-08-19; 2022-09-22
utlz_within_25,W_plus,1,2.788181268378694,1.5798065749349044,-0.3082142825073665,5.884576819264755,0.07758520336197638,percentage_points_per_workday,True,127189,8227,2022-08-12; 2022-08-19; 2022-09-22
utlz_within_25,W_plus,2,0.6351828945235495,1.6629722667369122,-2.624216078533171,3.89458186758027,0.7024943909518879,percentage_points_per_workday,True,127189,8227,2022-08-12; 2022-08-19; 2022-09-22
utlz_within_25,W_plus,3,1.0974152788979221,1.6032554470340183,-2.0449396852435147,4.239770243039359,0.49366597311193394,percentage_points_per_workday,True,127189,8227,2022-08-12; 2022-08-19; 2022-09-22
utlz_within_25,W_plus,4,0.22486540445011055,1.6002754713218277,-2.911648855086488,3.361379663986709,0.8882520088274197,percentage_points_per_workday,True,127189,8227,2022-08-12; 2022-08-19; 2022-09-22
utlz_within_25,W_plus,5,1.1761791134827966,1.8240888217691331,-2.399005723546806,4.751363950512399,0.5190556878983967,percentage_points_per_workday,True,127189,8227,2022-08-12; 2022-08-19; 2022-09-22
utlz_within_25,W_plus,6,-6.716189694764468,3.405097258299882,-13.390125712133255,-0.042253677395681644,0.048567086883815946,percentage_points_per_workday,True,127189,8227,2022-08-12; 2022-08-19; 2022-09-22
utlz_within_25,W_plus,7,,,,,,percentage_points_per_workday,False,127189,8227,2022-08-12; 2022-08-19; 2022-09-22
utlz_within_25,W_plus,8,,,,,,percentage_points_per_workday,False,127189,8227,2022-08-12; 2022-08-19; 2022-09-22
utlz_within_25,W_minus,-8,0.21017175471646884,0.29131177131055974,-0.3607946451694933,0.781138154602431,0.4706238159770564,percentage_points_per_workday,True,127189,8227,2022-08-12; 2022-08-19; 2022-09-22
utlz_within_25,W_minus,-7,-0.0724124587691345,0.4012668566459677,-0.8588890625190619,0.714064144980793,0.8567920716037254,percentage_points_per_workday,True,127189,8227,2022-08-12; 2022-08-19; 2022-09-22
utlz_within_25,W_minus,-6,0.2133345818494462,0.39409595824017685,-0.5590871760276811,0.9857563397265734,0.5882835804561317,percentage_points_per_workday,True,127189,8227,2022-08-12; 2022-08-19; 2022-09-22
utlz_within_25,W_minus,-5,-0.041267221706995524,0.4004076345133295,-0.8260597638566393,0.7435253204426482,0.9179131251939383,percentage_points_per_workday,True,127189,8227,2022-08-12; 2022-08-19; 2022-09-22
utlz_within_25,W_minus,-4,0.24378228995348183,0.40315239029785394,-0.5463899295150897,1.0339545094220532,0.5453860320888864,percentage_points_per_workday,True,127189,8227,2022-08-12; 2022-08-19; 2022-09-22
utlz_within_25,W_minus,-3,0.46845735310408326,0.37750126771988285,-0.2714390774889195,1.2083537836970861,0.21462945614888307,percentage_points_per_workday,True,127189,8227,2022-08-12; 2022-08-19; 2022-09-22
utlz_within_25,W_minus,-2,0.47820060022476657,0.3931599942983349,-0.29238668333677653,1.2487878837863096,0.2238729832023698,percentage_points_per_workday,True,127189,8227,2022-08-12; 2022-08-19; 2022-09-22
utlz_within_25,W_minus,0,0.4726031866367192,0.4143009713292448,-0.3394200728591505,1.284626446132589,0.25398697052198305,percentage_points_per_workday,True,127189,8227,2022-08-12; 2022-08-19; 2022-09-22
utlz_within_25,W_minus,1,0.7498531920654787,0.39191670293817776,-0.018297260369314235,1.5180036445002718,0.055712397929429835,percentage_points_per_workday,True,127189,8227,2022-08-12; 2022-08-19; 2022-09-22
utlz_within_25,W_minus,2,-0.16967105241683664,0.4165416182453658,-0.9860859439341576,0.6467438391004845,0.6837643296295712,percentage_points_per_workday,True,127189,8227,2022-08-12; 2022-08-19; 2022-09-22
utlz_within_25,W_minus,3,0.4538409743943531,0.3906561510378838,-0.31183881653183604,1.2195207653205424,0.24534332618614996,percentage_points_per_workday,True,127189,8227,2022-08-12; 2022-08-19; 2022-09-22
utlz_within_25,W_minus,4,0.4086495084081966,0.4033823435664811,-0.38197341577903227,1.1992724325954254,0.31103476111167505,percentage_points_per_workday,True,127189,8227,2022-08-12; 2022-08-19; 2022-09-22
utlz_within_25,W_minus,5,0.717552810720111,0.8780756938555521,-1.0034614671876465,2.4385670886278685,0.41382270984960723,percentage_points_per_workday,True,127189,8227,2022-08-12; 2022-08-19; 2022-09-22
utlz_within_25,W_minus,6,-17.72294256513836,16.289482760174632,-49.65006753416708,14.204182403890353,0.2765977135668962,percentage_points_per_workday,True,127189,8227,2022-08-12; 2022-08-19; 2022-09-22
utlz_within_25,W_minus,7,,,,,,percentage_points_per_workday,False,127189,8227,2022-08-12; 2022-08-19; 2022-09-22
utlz_within_25,W_minus,8,,,,,,percentage_points_per_workday,False,127189,8227,2022-08-12; 2022-08-19; 2022-09-22
t_available,R,-8,0.15868685356728895,0.05256817422967209,0.055654198849727735,0.2617195082848502,0.0025392034868580993,days_per_workday,True,143275,8426,2022-07-27; 2022-08-12; 2022-08-19; 2022-09-22
t_available,R,-7,0.11448306137311179,0.07649974062578142,-0.035455023359345056,0.26442114610556866,0.13452166957350764,days_per_workday,True,143275,8426,2022-07-27; 2022-08-12; 2022-08-19; 2022-09-22
t_available,R,-6,0.06851300808514885,0.06501440211095154,-0.05891402438320206,0.19594004055349976,0.2919705310371419,days_per_workday,True,143275,8426,2022-07-27; 2022-08-12; 2022-08-19; 2022-09-22
t_available,R,-5,0.1778182102352312,0.05748131017842753,0.06515589941477978,0.2904805210556826,0.0019785362553508268,days_per_workday,True,143275,8426,2022-07-27; 2022-08-12; 2022-08-19; 2022-09-22
t_available,R,-4,0.20762293529718917,0.06443412518493917,0.08133323493204556,0.33391263566233276,0.0012721783125442254,days_per_workday,True,143275,8426,2022-07-27; 2022-08-12; 2022-08-19; 2022-09-22
t_available,R,-3,0.01866836792513127,0.05449615218373388,-0.08814308812526744,0.12547982397552998,0.7319277410553351,days_per_workday,True,143275,8426,2022-07-27; 2022-08-12; 2022-08-19; 2022-09-22
t_available,R,-2,0.12622652728964465,0.06127237117156789,0.006133806643413703,0.2463192479358756,0.03939196760261576,days_per_workday,True,143275,8426,2022-07-27; 2022-08-12; 2022-08-19; 2022-09-22
t_available,R,0,0.7889991933688598,0.1316375901221782,0.530991937654534,1.0470064490831856,2.0561039537625447e-09,days_per_workday,True,143275,8426,2022-07-27; 2022-08-12; 2022-08-19; 2022-09-22
t_available,R,1,0.7405993349394732,0.10190054663586737,0.5408761375692692,0.9403225323096771,3.672617765460018e-13,days_per_workday,True,143275,8426,2022-07-27; 2022-08-12; 2022-08-19; 2022-09-22
t_available,R,2,0.6036816479042206,0.11008746080775643,0.3879122493212983,0.819451046487143,4.1737325373603085e-08,days_per_workday,True,143275,8426,2022-07-27; 2022-08-12; 2022-08-19; 2022-09-22
t_available,R,3,0.4642111605078656,0.11801952396782331,0.23289506400847362,0.6955272570072576,8.381484555997076e-05,days_per_workday,True,143275,8426,2022-07-27; 2022-08-12; 2022-08-19; 2022-09-22
t_available,R,4,2.0842972890584073,0.2525393247111916,1.5893248570334157,2.579269721083399,2.220446049250313e-16,days_per_workday,True,143275,8426,2022-07-27; 2022-08-12; 2022-08-19; 2022-09-22
t_available,R,5,2.3459487510400496,0.23742316969244118,1.8806037048531026,2.8112937972269965,0.0,days_per_workday,True,143275,8426,2022-07-27; 2022-08-12; 2022-08-19; 2022-09-22
t_available,R,6,2.2816846686951497,0.295290376656868,1.7029209610841565,2.860448376306143,1.1102230246251565e-14,days_per_workday,True,143275,8426,2022-07-27; 2022-08-12; 2022-08-19; 2022-09-22
t_available,R,7,3.9517719100200415,0.32753808895237974,3.3098032793721877,4.593740540667896,0.0,days_per_workday,True,143275,8426,2022-07-27; 2022-08-12; 2022-08-19; 2022-09-22
t_available,R,8,2.7066089151710044,0.34220205646033836,2.035899177890152,3.377318652451857,2.6645352591003757e-15,days_per_workday,True,143275,8426,2022-07-27; 2022-08-12; 2022-08-19; 2022-09-22
t_available,W_plus,-8,-0.020179690080091812,0.033755299265744866,-0.08633945585282699,0.04598007569264337,0.5499591309116858,days_per_workday,True,143275,8426,2022-07-27; 2022-08-12; 2022-08-19; 2022-09-22
t_available,W_plus,-7,0.023096973950045077,0.048147196325712516,-0.07127064538122867,0.11746459328131882,0.6314302244819912,days_per_workday,True,143275,8426,2022-07-27; 2022-08-12; 2022-08-19; 2022-09-22
t_available,W_plus,-6,-0.002551556541993943,0.04474940047971547,-0.0902595585034148,0.08515644541942691,0.9545303141239703,days_per_workday,True,143275,8426,2022-07-27; 2022-08-12; 2022-08-19; 2022-09-22
t_available,W_plus,-5,-0.06563727857664879,0.043845520442460616,-0.15157369228815837,0.020299135134860785,0.13439243102798626,days_per_workday,True,143275,8426,2022-07-27; 2022-08-12; 2022-08-19; 2022-09-22
t_available,W_plus,-4,-0.0281714263692116,0.05254527800667647,-0.13115920491078206,0.07481635217235885,0.5918652999901886,days_per_workday,True,143275,8426,2022-07-27; 2022-08-12; 2022-08-19; 2022-09-22
t_available,W_plus,-3,-0.07293973551139246,0.044178066904829214,-0.1595279341733375,0.013648463150552584,0.09873283312344672,days_per_workday,True,143275,8426,2022-07-27; 2022-08-12; 2022-08-19; 2022-09-22
t_available,W_plus,-2,-0.12965991573983845,0.045341261210426476,-0.2185279538486401,-0.040791877631036824,0.004241805241149477,days_per_workday,True,143275,8426,2022-07-27; 2022-08-12; 2022-08-19; 2022-09-22
t_available,W_plus,0,-0.3675606438983473,0.04456624736822127,-0.4549096691295781,-0.2802116186671165,2.220446049250313e-16,days_per_workday,True,143275,8426,2022-07-27; 2022-08-12; 2022-08-19; 2022-09-22
t_available,W_plus,1,-0.3738966734722242,0.04670015249972816,-0.46542811351691227,-0.28236523342753617,1.1102230246251565e-15,days_per_workday,True,143275,8426,2022-07-27; 2022-08-12; 2022-08-19; 2022-09-22
t_available,W_plus,2,-0.45787574781435153,0.04734981127827184,-0.550680507117218,-0.365070988511485,0.0,days_per_workday,True,143275,8426,2022-07-27; 2022-08-12; 2022-08-19; 2022-09-22
t_available,W_plus,3,-0.3394768302042955,0.0458234798970923,-0.429290008070558,-0.24966365233803295,1.2856382625159313e-13,days_per_workday,True,143275,8426,2022-07-27; 2022-08-12; 2022-08-19; 2022-09-22
t_available,W_plus,4,-0.531050717505218,0.05999906408263554,-0.6486477796743216,-0.41345365533611445,0.0,days_per_workday,True,143275,8426,2022-07-27; 2022-08-12; 2022-08-19; 2022-09-22
t_available,W_plus,5,-0.5959667239917288,0.06982105392864972,-0.7328147056244297,-0.45911874235902783,0.0,days_per_workday,True,143275,8426,2022-07-27; 2022-08-12; 2022-08-19; 2022-09-22
t_available,W_plus,6,-0.6345824629722033,0.07590075965982764,-0.7833465560271506,-0.485818369917256,0.0,days_per_workday,True,143275,8426,2022-07-27; 2022-08-12; 2022-08-19; 2022-09-22
t_available,W_plus,7,-0.9288044752768674,0.0718377794510442,-1.069605201844196,-0.7880037487095387,0.0,days_per_workday,True,143275,8426,2022-07-27; 2022-08-12; 2022-08-19; 2022-09-22
t_available,W_plus,8,-0.7041859763800261,0.06970277214673824,-0.8408021278954813,-0.567569824864571,0.0,days_per_workday,True,143275,8426,2022-07-27; 2022-08-12; 2022-08-19; 2022-09-22
t_available,W_minus,-8,-0.010228437398569146,0.010782448154003357,-0.031361837482195426,0.010904962685057137,0.3428160226923316,days_per_workday,True,143275,8426,2022-07-27; 2022-08-12; 2022-08-19; 2022-09-22
t_available,W_minus,-7,-0.00611496354910821,0.013040940184105489,-0.031674966476181364,0.01944503937796494,0.6391382198577498,days_per_workday,True,143275,8426,2022-07-27; 2022-08-12; 2022-08-19; 2022-09-22
t_available,W_minus,-6,-0.0007955730994018533,0.0133099951131971,-0.02688291873934987,0.025291772540546167,0.9523368321997545,days_per_workday,True,143275,8426,2022-07-27; 2022-08-12; 2022-08-19; 2022-09-22
t_available,W_minus,-5,0.005958363382157111,0.011139158089646441,-0.0158741816151362,0.027790908379450426,0.5927181710452649,days_per_workday,True,143275,8426,2022-07-27; 2022-08-12; 2022-08-19; 2022-09-22
t_available,W_minus,-4,-0.0037296649812958026,0.015627658594760938,-0.034359588421343255,0.02690025845875165,0.8113711880635548,days_per_workday,True,143275,8426,2022-07-27; 2022-08-12; 2022-08-19; 2022-09-22
t_available,W_minus,-3,-0.024776621564622927,0.012248908784415277,-0.04878425751442171,-0.0007689856148241428,0.043099712078767505,days_per_workday,True,143275,8426,2022-07-27; 2022-08-12; 2022-08-19; 2022-09-22
t_available,W_minus,-2,-0.033272221110127495,0.012715662811986318,-0.05819468636996941,-0.008349755850285578,0.008881171901313545,days_per_workday,True,143275,8426,2022-07-27; 2022-08-12; 2022-08-19; 2022-09-22
t_available,W_minus,0,0.031878903132211846,0.012717705500673014,0.006952434240110751,0.05680537202431294,0.012189121580193696,days_per_workday,True,143275,8426,2022-07-27; 2022-08-12; 2022-08-19; 2022-09-22
t_available,W_minus,1,0.044571099570523645,0.013099748049301363,0.0188958343091923,0.070246364831855,0.0006680657887263575,days_per_workday,True,143275,8426,2022-07-27; 2022-08-12; 2022-08-19; 2022-09-22
t_available,W_minus,2,0.03738790055016119,0.01452089479020559,0.008927213812732177,0.0658485872875902,0.010031861669548059,days_per_workday,True,143275,8426,2022-07-27; 2022-08-12; 2022-08-19; 2022-09-22
t_available,W_minus,3,0.026256648371660078,0.011401908191454075,0.003909118007017459,0.0486041787363027,0.0212899661708692,days_per_workday,True,143275,8426,2022-07-27; 2022-08-12; 2022-08-19; 2022-09-22
t_available,W_minus,4,-0.02491075308810041,0.014408802292100951,-0.05315174059071892,0.0033302344145181018,0.08383705439498468,days_per_workday,True,143275,8426,2022-07-27; 2022-08-12; 2022-08-19; 2022-09-22
t_available,W_minus,5,-0.027766609196240057,0.013357862665668642,-0.05394777435870805,-0.0015854440337720564,0.0376494383644963,days_per_workday,True,143275,8426,2022-07-27; 2022-08-12; 2022-08-19; 2022-09-22
t_available,W_minus,6,-0.0569256186130015,0.014013302378870374,-0.08439143355926156,-0.029459803666741443,4.8628287782070956e-05,days_per_workday,True,143275,8426,2022-07-27; 2022-08-12; 2022-08-19; 2022-09-22
t_available,W_minus,7,-0.045603930660312285,0.01597101717627194,-0.07690683060547043,-0.014301030715154144,0.004298678447272497,days_per_workday,True,143275,8426,2022-07-27; 2022-08-12; 2022-08-19; 2022-09-22
t_available,W_minus,8,0.08691326504344284,0.029214034820001063,0.02965429406672234,0.14417223602016332,0.0029299112095277913,days_per_workday,True,143275,8426,2022-07-27; 2022-08-12; 2022-08-19; 2022-09-22
