outcome,cohort_specification,delta_w_h,n_hex_R0,n_hex_R1,n_hex_day_R0,n_hex_day_R1,has_overlap_hex,rare_cell
meet_flg,inclusive_2022-07-27,-7,357,0,17514,0,False,False
meet_flg,inclusive_2022-07-27,-6,0,544,0,3986,False,False
meet_flg,inclusive_2022-07-27,-5,76,464,866,5410,True,False
meet_flg,inclusive_2022-07-27,-4,160,311,1914,3763,True,False
meet_flg,inclusive_2022-07-27,-3,62,205,868,3346,True,False
meet_flg,inclusive_2022-07-27,-2,558,83,8117,630,True,False
meet_flg,inclusive_2022-07-27,-1,439,80,5126,373,True,False
meet_flg,inclusive_2022-07-27,0,0,530,0,10884,False,False
meet_flg,inclusive_2022-07-27,1,96,35,1861,253,True,False
meet_flg,inclusive_2022-07-27,2,0,114,0,1164,False,False
meet_flg,inclusive_2022-07-27,3,0,34,0,211,False,False
meet_flg,inclusive_2022-07-27,4,0,95,0,1023,False,False
meet_flg,inclusive_2022-07-27,5,0,44,0,388,False,False
meet_flg,inclusive_2022-07-27,6,0,213,0,1879,False,False
meet_flg,inclusive_2022-07-27,7,0,10,0,49,False,False
meet_flg,outcome_specific,-7,357,0,17514,0,False,False
meet_flg,outcome_specific,-6,0,544,0,3986,False,False
meet_flg,outcome_specific,-5,76,464,866,5410,True,False
meet_flg,outcome_specific,-4,160,311,1914,3763,True,False
meet_flg,outcome_specific,-3,62,201,868,3327,True,False
meet_flg,outcome_specific,-2,513,82,6800,626,True,False
meet_flg,outcome_specific,-1,395,78,4118,353,True,False
meet_flg,outcome_specific,0,0,530,0,10884,False,False
meet_flg,outcome_specific,1,62,35,1328,253,True,False
meet_flg,outcome_specific,2,0,111,0,1153,False,False
meet_flg,outcome_specific,3,0,34,0,211,False,False
meet_flg,outcome_specific,4,0,95,0,1023,False,False
meet_flg,outcome_specific,5,0,44,0,388,False,False
meet_flg,outcome_specific,6,0,213,0,1879,False,False
meet_flg,outcome_specific,7,0,10,0,49,False,False
sch_flg,inclusive_2022-07-27,-7,357,0,17514,0,False,False
sch_flg,inclusive_2022-07-27,-6,0,544,0,3986,False,False
sch_flg,inclusive_2022-07-27,-5,76,464,866,5410,True,False
sch_flg,inclusive_2022-07-27,-4,160,311,1914,3763,True,False
sch_flg,inclusive_2022-07-27,-3,62,205,868,3346,True,False
sch_flg,inclusive_2022-07-27,-2,558,83,8117,630,True,False
sch_flg,inclusive_2022-07-27,-1,439,80,5126,373,True,False
sch_flg,inclusive_2022-07-27,0,0,530,0,10884,False,False
sch_flg,inclusive_2022-07-27,1,96,35,1861,253,True,False
sch_flg,inclusive_2022-07-27,2,0,114,0,1164,False,False
sch_flg,inclusive_2022-07-27,3,0,34,0,211,False,False
sch_flg,inclusive_2022-07-27,4,0,95,0,1023,False,False
sch_flg,inclusive_2022-07-27,5,0,44,0,388,False,False
sch_flg,inclusive_2022-07-27,6,0,213,0,1879,False,False
sch_flg,inclusive_2022-07-27,7,0,10,0,49,False,False
sch_flg,outcome_specific,-7,357,0,17514,0,False,False
sch_flg,outcome_specific,-6,0,544,0,3986,False,False
sch_flg,outcome_specific,-5,76,464,866,5410,True,False
sch_flg,outcome_specific,-4,160,311,1914,3763,True,False
sch_flg,outcome_specific,-3,62,205,868,3346,True,False
sch_flg,outcome_specific,-2,558,83,8117,630,True,False
sch_flg,outcome_specific,-1,439,80,5126,373,True,False
sch_flg,outcome_specific,0,0,530,0,10884,False,False
sch_flg,outcome_specific,1,96,35,1861,253,True,False
sch_flg,outcome_specific,2,0,114,0,1164,False,False
sch_flg,outcome_specific,3,0,34,0,211,False,False
sch_flg,outcome_specific,4,0,95,0,1023,False,False
sch_flg,outcome_specific,5,0,44,0,388,False,False
sch_flg,outcome_specific,6,0,213,0,1879,False,False
sch_flg,outcome_specific,7,0,10,0,49,False,False
success_within_20,inclusive_2022-07-27,-7,355,0,15488,0,False,False
success_within_20,inclusive_2022-07-27,-6,0,539,0,3587,False,False
success_within_20,inclusive_2022-07-27,-5,76,462,777,4855,True,False
success_within_20,inclusive_2022-07-27,-4,160,310,1713,3349,True,False
success_within_20,inclusive_2022-07-27,-3,62,204,738,3003,True,False
success_within_20,inclusive_2022-07-27,-2,556,82,7193,550,True,False
success_within_20,inclusive_2022-07-27,-1,436,79,4555,326,True,False
success_within_20,inclusive_2022-07-27,0,0,527,0,9682,False,False
success_within_20,inclusive_2022-07-27,1,96,35,1656,224,True,False
success_within_20,inclusive_2022-07-27,2,0,113,0,1038,False,False
success_within_20,inclusive_2022-07-27,3,0,34,0,183,False,False
success_within_20,inclusive_2022-07-27,4,0,93,0,906,False,False
success_within_20,inclusive_2022-07-27,5,0,42,0,342,False,False
success_within_20,inclusive_2022-07-27,6,0,211,0,1662,False,False
success_within_20,inclusive_2022-07-27,7,0,10,0,46,False,False
success_within_20,outcome_specific,-7,355,0,15488,0,False,False
success_within_20,outcome_specific,-6,0,539,0,3587,False,False
success_within_20,outcome_specific,-5,76,462,777,4855,True,False
success_within_20,outcome_specific,-4,160,310,1713,3349,True,False
success_within_20,outcome_specific,-3,62,200,738,2986,True,False
success_within_20,outcome_specific,-2,511,81,6009,547,True,False
success_within_20,outcome_specific,-1,392,77,3664,307,True,False
success_within_20,outcome_specific,0,0,527,0,9682,False,False
success_within_20,outcome_specific,1,62,35,1188,224,True,False
success_within_20,outcome_specific,2,0,110,0,1027,False,False
success_within_20,outcome_specific,3,0,34,0,183,False,False
success_within_20,outcome_specific,4,0,93,0,906,False,False
success_within_20,outcome_specific,5,0,42,0,342,False,False
success_within_20,outcome_specific,6,0,211,0,1662,False,False
success_within_20,outcome_specific,7,0,10,0,46,False,False
t_available,inclusive_2022-07-27,-7,357,0,16987,0,False,False
t_available,inclusive_2022-07-27,-6,0,544,0,3750,False,False
t_available,inclusive_2022-07-27,-5,76,464,825,5117,True,False
t_available,inclusive_2022-07-27,-4,160,311,1825,3554,True,False
t_available,inclusive_2022-07-27,-3,62,205,828,3192,True,False
t_available,inclusive_2022-07-27,-2,558,82,7653,598,True,False
t_available,inclusive_2022-07-27,-1,438,79,4805,352,True,False
t_available,inclusive_2022-07-27,0,0,530,0,10429,False,False
t_available,inclusive_2022-07-27,1,96,35,1778,244,True,False
t_available,inclusive_2022-07-27,2,0,114,0,1113,False,False
t_available,inclusive_2022-07-27,3,0,34,0,200,False,False
t_available,inclusive_2022-07-27,4,0,94,0,976,False,False
t_available,inclusive_2022-07-27,5,0,44,0,369,False,False
t_available,inclusive_2022-07-27,6,0,212,0,1781,False,False
t_available,inclusive_2022-07-27,7,0,10,0,44,False,False
t_available,outcome_specific,-7,357,0,16987,0,False,False
t_available,outcome_specific,-6,0,544,0,3750,False,False
t_available,outcome_specific,-5,76,464,825,5117,True,False
t_available,outcome_specific,-4,160,311,1825,3554,True,False
t_available,outcome_specific,-3,62,205,828,3192,True,False
t_available,outcome_specific,-2,558,82,7653,598,True,False
t_available,outcome_specific,-1,438,79,4805,352,True,False
t_available,outcome_specific,0,0,530,0,10429,False,False
t_available,outcome_specific,1,96,35,1778,244,True,False
t_available,outcome_specific,2,0,114,0,1113,False,False
t_available,outcome_specific,3,0,34,0,200,False,False
t_available,outcome_specific,4,0,94,0,976,False,False
t_available,outcome_specific,5,0,44,0,369,False,False
t_available,outcome_specific,6,0,212,0,1781,False,False
t_available,outcome_specific,7,0,10,0,44,False,False
utlz_within_25,inclusive_2022-07-27,-7,355,0,15028,0,False,False
utlz_within_25,inclusive_2022-07-27,-6,0,537,0,3502,False,False
utlz_within_25,inclusive_2022-07-27,-5,76,462,766,4734,True,False
utlz_within_25,inclusive_2022-07-27,-4,160,310,1655,3248,True,False
utlz_within_25,inclusive_2022-07-27,-3,62,204,713,2924,True,False
utlz_within_25,inclusive_2022-07-27,-2,554,82,7028,539,True,False
utlz_within_25,inclusive_2022-07-27,-1,434,78,4442,318,True,False
utlz_within_25,inclusive_2022-07-27,0,0,526,0,9419,False,False
utlz_within_25,inclusive_2022-07-27,1,96,35,1617,220,True,False
utlz_within_25,inclusive_2022-07-27,2,0,112,0,1015,False,False
utlz_within_25,inclusive_2022-07-27,3,0,34,0,175,False,False
utlz_within_25,inclusive_2022-07-27,4,0,93,0,883,False,False
utlz_within_25,inclusive_2022-07-27,5,0,42,0,334,False,False
utlz_within_25,inclusive_2022-07-27,6,0,210,0,1621,False,False
utlz_within_25,inclusive_2022-07-27,7,0,10,0,46,False,False
utlz_within_25,outcome_specific,-7,355,0,15028,0,False,False
utlz_within_25,outcome_specific,-6,0,537,0,3502,False,False
utlz_within_25,outcome_specific,-5,76,462,766,4734,True,False
utlz_within_25,outcome_specific,-4,160,310,1655,3248,True,False
utlz_within_25,outcome_specific,-3,62,200,713,2907,True,False
utlz_within_25,outcome_specific,-2,509,81,5870,536,True,False
utlz_within_25,outcome_specific,-1,390,76,3577,300,True,False
utlz_within_25,outcome_specific,0,0,526,0,9419,False,False
utlz_within_25,outcome_specific,1,62,35,1163,220,True,False
utlz_within_25,outcome_specific,2,0,109,0,1004,False,False
utlz_within_25,outcome_specific,3,0,34,0,175,False,False
utlz_within_25,outcome_specific,4,0,93,0,883,False,False
utlz_within_25,outcome_specific,5,0,42,0,334,False,False
utlz_within_25,outcome_specific,6,0,210,0,1621,False,False
utlz_within_25,outcome_specific,7,0,10,0,46,False,False
