outcome,change_type,event_week,weight,event_week_estimate,post_estimate,post_std_error,post_ci_lower,post_ci_upper,unit,weighting_rule,se_method,cluster_level,source
sch_flg,region_and_workmode,0,0.1480783722682743,-1.4594538634790348,0.9346424384321108,1.4893387813636483,-1.9844615730406394,3.8537464499048615,percentage_points,treated_orders_on_post_event_weeks_normalized_to_1,a'Cov(theta)a,hex,notebooks/final_empirical_recalculation.ipynb
sch_flg,region_and_workmode,1,0.16465712132629992,-1.4865750533671502,0.9346424384321108,1.4893387813636483,-1.9844615730406394,3.8537464499048615,percentage_points,treated_orders_on_post_event_weeks_normalized_to_1,a'Cov(theta)a,hex,notebooks/final_empirical_recalculation.ipynb
sch_flg,region_and_workmode,2,0.22305953278070836,0.29616382833674343,0.9346424384321108,1.4893387813636483,-1.9844615730406394,3.8537464499048615,percentage_points,treated_orders_on_post_event_weeks_normalized_to_1,a'Cov(theta)a,hex,notebooks/final_empirical_recalculation.ipynb
sch_flg,region_and_workmode,3,0.17586661642803317,3.1779660323599144,0.9346424384321108,1.4893387813636483,-1.9844615730406394,3.8537464499048615,percentage_points,treated_orders_on_post_event_weeks_normalized_to_1,a'Cov(theta)a,hex,notebooks/final_empirical_recalculation.ipynb
sch_flg,region_and_workmode,4,0.05472871137905049,1.9493524465788983,0.9346424384321108,1.4893387813636483,-1.9844615730406394,3.8537464499048615,percentage_points,treated_orders_on_post_event_weeks_normalized_to_1,a'Cov(theta)a,hex,notebooks/final_empirical_recalculation.ipynb
sch_flg,region_and_workmode,5,0.046156744536548604,3.84778647931274,0.9346424384321108,1.4893387813636483,-1.9844615730406394,3.8537464499048615,percentage_points,treated_orders_on_post_event_weeks_normalized_to_1,a'Cov(theta)a,hex,notebooks/final_empirical_recalculation.ipynb
sch_flg,region_and_workmode,6,0.0503956292388847,2.8779175743332894,0.9346424384321108,1.4893387813636483,-1.9844615730406394,3.8537464499048615,percentage_points,treated_orders_on_post_event_weeks_normalized_to_1,a'Cov(theta)a,hex,notebooks/final_empirical_recalculation.ipynb
sch_flg,region_and_workmode,7,0.06009796533534288,5.056624647781165,0.9346424384321108,1.4893387813636483,-1.9844615730406394,3.8537464499048615,percentage_points,treated_orders_on_post_event_weeks_normalized_to_1,a'Cov(theta)a,hex,notebooks/final_empirical_recalculation.ipynb
sch_flg,region_and_workmode,8,0.07695930670685758,0.48540843485246915,0.9346424384321108,1.4893387813636483,-1.9844615730406394,3.8537464499048615,percentage_points,treated_orders_on_post_event_weeks_normalized_to_1,a'Cov(theta)a,hex,notebooks/final_empirical_recalculation.ipynb
sch_flg,region_only,0,0.17199727798570943,-4.975577872330382,-1.995546629126745,1.7492736882043292,-5.42412305800723,1.4330297997537402,percentage_points,treated_orders_on_post_event_weeks_normalized_to_1,a'Cov(theta)a,hex,notebooks/final_empirical_recalculation.ipynb
sch_flg,region_only,1,0.1449472609731201,0.7565081287479627,-1.995546629126745,1.7492736882043292,-5.42412305800723,1.4330297997537402,percentage_points,treated_orders_on_post_event_weeks_normalized_to_1,a'Cov(theta)a,hex,notebooks/final_empirical_recalculation.ipynb
sch_flg,region_only,2,0.254168084382443,-0.3032544880777552,-1.995546629126745,1.7492736882043292,-5.42412305800723,1.4330297997537402,percentage_points,treated_orders_on_post_event_weeks_normalized_to_1,a'Cov(theta)a,hex,notebooks/final_empirical_recalculation.ipynb
sch_flg,region_only,3,0.21129635930588636,-1.2147021594357708,-1.995546629126745,1.7492736882043292,-5.42412305800723,1.4330297997537402,percentage_points,treated_orders_on_post_event_weeks_normalized_to_1,a'Cov(theta)a,hex,notebooks/final_empirical_recalculation.ipynb
sch_flg,region_only,4,0.03793807417488942,3.7263423938267244,-1.995546629126745,1.7492736882043292,-5.42412305800723,1.4330297997537402,percentage_points,treated_orders_on_post_event_weeks_normalized_to_1,a'Cov(theta)a,hex,notebooks/final_empirical_recalculation.ipynb
sch_flg,region_only,5,0.041000340251786324,-11.23828150091309,-1.995546629126745,1.7492736882043292,-5.42412305800723,1.4330297997537402,percentage_points,treated_orders_on_post_event_weeks_normalized_to_1,a'Cov(theta)a,hex,notebooks/final_empirical_recalculation.ipynb
sch_flg,region_only,6,0.025348758080979927,0.42129915035390475,-1.995546629126745,1.7492736882043292,-5.42412305800723,1.4330297997537402,percentage_points,treated_orders_on_post_event_weeks_normalized_to_1,a'Cov(theta)a,hex,notebooks/final_empirical_recalculation.ipynb
sch_flg,region_only,7,0.0374276964954066,-0.7455057516966547,-1.995546629126745,1.7492736882043292,-5.42412305800723,1.4330297997537402,percentage_points,treated_orders_on_post_event_weeks_normalized_to_1,a'Cov(theta)a,hex,notebooks/final_empirical_recalculation.ipynb
sch_flg,region_only,8,0.07587614834977884,-7.631496223541784,-1.995546629126745,1.7492736882043292,-5.42412305800723,1.4330297997537402,percentage_points,treated_orders_on_post_event_weeks_normalized_to_1,a'Cov(theta)a,hex,notebooks/final_empirical_recalculation.ipynb
sch_flg,workmode_only,0,0.10348814800539603,1.1333813506225285,-0.2625487126078089,1.1419002598038681,-2.5006732218233902,1.9755757966077727,percentage_points,treated_orders_on_post_event_weeks_normalized_to_1,a'Cov(theta)a,hex,notebooks/final_empirical_recalculation.ipynb
sch_flg,workmode_only,1,0.1090126549752682,-0.04449547149066474,-0.2625487126078089,1.1419002598038681,-2.5006732218233902,1.9755757966077727,percentage_points,treated_orders_on_post_event_weeks_normalized_to_1,a'Cov(theta)a,hex,notebooks/final_empirical_recalculation.ipynb
sch_flg,workmode_only,2,0.12661399113509347,-0.45399888313421854,-0.2625487126078089,1.1419002598038681,-2.5006732218233902,1.9755757966077727,percentage_points,treated_orders_on_post_event_weeks_normalized_to_1,a'Cov(theta)a,hex,notebooks/final_empirical_recalculation.ipynb
sch_flg,workmode_only,3,0.13027558296396222,0.5458204590383516,-0.2625487126078089,1.1419002598038681,-2.5006732218233902,1.9755757966077727,percentage_points,treated_orders_on_post_event_weeks_normalized_to_1,a'Cov(theta)a,hex,notebooks/final_empirical_recalculation.ipynb
sch_flg,workmode_only,4,0.09025502665895806,-1.2409915362732746,-0.2625487126078089,1.1419002598038681,-2.5006732218233902,1.9755757966077727,percentage_points,treated_orders_on_post_event_weeks_normalized_to_1,a'Cov(theta)a,hex,notebooks/final_empirical_recalculation.ipynb
sch_flg,workmode_only,5,0.08309243913406565,-1.5891073486001333,-0.2625487126078089,1.1419002598038681,-2.5006732218233902,1.9755757966077727,percentage_points,treated_orders_on_post_event_weeks_normalized_to_1,a'Cov(theta)a,hex,notebooks/final_empirical_recalculation.ipynb
sch_flg,workmode_only,6,0.09712854114472924,0.04881026485745778,-0.2625487126078089,1.1419002598038681,-2.5006732218233902,1.9755757966077727,percentage_points,treated_orders_on_post_event_weeks_normalized_to_1,a'Cov(theta)a,hex,notebooks/final_empirical_recalculation.ipynb
sch_flg,workmode_only,7,0.14540373867797263,0.27222207217608313,-0.2625487126078089,1.1419002598038681,-2.5006732218233902,1.9755757966077727,percentage_points,treated_orders_on_post_event_weeks_normalized_to_1,a'Cov(theta)a,hex,notebooks/final_empirical_recalculation.ipynb
sch_flg,workmode_only,8,0.1147298773045545,-1.6463766848421306,-0.2625487126078089,1.1419002598038681,-2.5006732218233902,1.9755757966077727,percentage_points,treated_orders_on_post_event_weeks_normalized_to_1,a'Cov(theta)a,hex,notebooks/final_empirical_recalculation.ipynb
meet_flg,region_and_workmode,0,0.1475906465966108,-0.15253376064380397,-0.9733245505205934,2.1655186483040465,-5.217741101196525,3.271092000155338,percentage_points,treated_orders_on_post_event_weeks_normalized_to_1,a'Cov(theta)a,hex,notebooks/final_empirical_recalculation.ipynb
meet_flg,region_and_workmode,1,0.16510461043264224,-3.6940002249454826,-0.9733245505205934,2.1655186483040465,-5.217741101196525,3.271092000155338,percentage_points,treated_orders_on_post_event_weeks_normalized_to_1,a'Cov(theta)a,hex,notebooks/final_empirical_recalculation.ipynb
meet_flg,region_and_workmode,2,0.2232320363533087,-0.0015944361426742822,-0.9733245505205934,2.1655186483040465,-5.217741101196525,3.271092000155338,percentage_points,treated_orders_on_post_event_weeks_normalized_to_1,a'Cov(theta)a,hex,notebooks/final_empirical_recalculation.ipynb
meet_flg,region_and_workmode,3,0.17599166903341854,2.100434822691222,-0.9733245505205934,2.1655186483040465,-5.217741101196525,3.271092000155338,percentage_points,treated_orders_on_post_event_weeks_normalized_to_1,a'Cov(theta)a,hex,notebooks/final_empirical_recalculation.ipynb
meet_flg,region_and_workmode,4,0.05500331345261763,5.1760104490594125,-0.9733245505205934,2.1655186483040465,-5.217741101196525,3.271092000155338,percentage_points,treated_orders_on_post_event_weeks_normalized_to_1,a'Cov(theta)a,hex,notebooks/final_empirical_recalculation.ipynb
meet_flg,region_and_workmode,5,0.04610432642241787,5.985301834390959,-0.9733245505205934,2.1655186483040465,-5.217741101196525,3.271092000155338,percentage_points,treated_orders_on_post_event_weeks_normalized_to_1,a'Cov(theta)a,hex,notebooks/final_empirical_recalculation.ipynb
meet_flg,region_and_workmode,6,0.05064849001230711,4.313083198070998,-0.9733245505205934,2.1655186483040465,-5.217741101196525,3.271092000155338,percentage_points,treated_orders_on_post_event_weeks_normalized_to_1,a'Cov(theta)a,hex,notebooks/final_empirical_recalculation.ipynb
meet_flg,region_and_workmode,7,0.060304837640821736,-19.389423712628766,-0.9733245505205934,2.1655186483040465,-5.217741101196525,3.271092000155338,percentage_points,treated_orders_on_post_event_weeks_normalized_to_1,a'Cov(theta)a,hex,notebooks/final_empirical_recalculation.ipynb
meet_flg,region_and_workmode,8,0.07602007005585534,-4.209937767415128,-0.9733245505205934,2.1655186483040465,-5.217741101196525,3.271092000155338,percentage_points,treated_orders_on_post_event_weeks_normalized_to_1,a'Cov(theta)a,hex,notebooks/final_empirical_recalculation.ipynb
meet_flg,region_only,0,0.17199727798570943,-3.246119223581592,1.978328035807279,2.553056879931041,-3.025663448857562,6.98231952047212,percentage_points,treated_orders_on_post_event_weeks_normalized_to_1,a'Cov(theta)a,hex,notebooks/final_empirical_recalculation.ipynb
meet_flg,region_only,1,0.1449472609731201,2.767867452289061,1.978328035807279,2.553056879931041,-3.025663448857562,6.98231952047212,percentage_points,treated_orders_on_post_event_weeks_normalized_to_1,a'Cov(theta)a,hex,notebooks/final_empirical_recalculation.ipynb
meet_flg,region_only,2,0.254168084382443,1.1494188758173838,1.978328035807279,2.553056879931041,-3.025663448857562,6.98231952047212,percentage_points,treated_orders_on_post_event_weeks_normalized_to_1,a'Cov(theta)a,hex,notebooks/final_empirical_recalculation.ipynb
meet_flg,region_only,3,0.21129635930588636,15.82039701978824,1.978328035807279,2.553056879931041,-3.025663448857562,6.98231952047212,percentage_points,treated_orders_on_post_event_weeks_normalized_to_1,a'Cov(theta)a,hex,notebooks/final_empirical_recalculation.ipynb
meet_flg,region_only,4,0.03793807417488942,-6.010462521305109,1.978328035807279,2.553056879931041,-3.025663448857562,6.98231952047212,percentage_points,treated_orders_on_post_event_weeks_normalized_to_1,a'Cov(theta)a,hex,notebooks/final_empirical_recalculation.ipynb
meet_flg,region_only,5,0.041000340251786324,-10.79714610690263,1.978328035807279,2.553056879931041,-3.025663448857562,6.98231952047212,percentage_points,treated_orders_on_post_event_weeks_normalized_to_1,a'Cov(theta)a,hex,notebooks/final_empirical_recalculation.ipynb
meet_flg,region_only,6,0.025348758080979927,-2.2618347428655454,1.978328035807279,2.553056879931041,-3.025663448857562,6.98231952047212,percentage_points,treated_orders_on_post_event_weeks_normalized_to_1,a'Cov(theta)a,hex,notebooks/final_empirical_recalculation.ipynb
meet_flg,region_only,7,0.0374276964954066,1.937895564383657,1.978328035807279,2.553056879931041,-3.025663448857562,6.98231952047212,percentage_points,treated_orders_on_post_event_weeks_normalized_to_1,a'Cov(theta)a,hex,notebooks/final_empirical_recalculation.ipynb
meet_flg,region_only,8,0.07587614834977884,-11.1229316868725,1.978328035807279,2.553056879931041,-3.025663448857562,6.98231952047212,percentage_points,treated_orders_on_post_event_weeks_normalized_to_1,a'Cov(theta)a,hex,notebooks/final_empirical_recalculation.ipynb
meet_flg,workmode_only,0,0.10536926994906622,0.6439612016132437,0.4333788708661069,1.6260586325251312,-2.7536960488831506,3.6204537906153647,percentage_points,treated_orders_on_post_event_weeks_normalized_to_1,a'Cov(theta)a,hex,notebooks/final_empirical_recalculation.ipynb
meet_flg,workmode_only,1,0.11017968307866441,0.13640323605337715,0.4333788708661069,1.6260586325251312,-2.7536960488831506,3.6204537906153647,percentage_points,treated_orders_on_post_event_weeks_normalized_to_1,a'Cov(theta)a,hex,notebooks/final_empirical_recalculation.ipynb
meet_flg,workmode_only,2,0.1313667232597623,-0.700877932279006,0.4333788708661069,1.6260586325251312,-2.7536960488831506,3.6204537906153647,percentage_points,treated_orders_on_post_event_weeks_normalized_to_1,a'Cov(theta)a,hex,notebooks/final_empirical_recalculation.ipynb
meet_flg,workmode_only,3,0.13684917940011318,-0.7975711292681065,0.4333788708661069,1.6260586325251312,-2.7536960488831506,3.6204537906153647,percentage_points,treated_orders_on_post_event_weeks_normalized_to_1,a'Cov(theta)a,hex,notebooks/final_empirical_recalculation.ipynb
meet_flg,workmode_only,4,0.0927065647990945,-1.552756741691386,0.4333788708661069,1.6260586325251312,-2.7536960488831506,3.6204537906153647,percentage_points,treated_orders_on_post_event_weeks_normalized_to_1,a'Cov(theta)a,hex,notebooks/final_empirical_recalculation.ipynb
meet_flg,workmode_only,5,0.08177702320316921,-0.7304365154091658,0.4333788708661069,1.6260586325251312,-2.7536960488831506,3.6204537906153647,percentage_points,treated_orders_on_post_event_weeks_normalized_to_1,a'Cov(theta)a,hex,notebooks/final_empirical_recalculation.ipynb
meet_flg,workmode_only,6,0.10094793435200905,0.4189654906709215,0.4333788708661069,1.6260586325251312,-2.7536960488831506,3.6204537906153647,percentage_points,treated_orders_on_post_event_weeks_normalized_to_1,a'Cov(theta)a,hex,notebooks/final_empirical_recalculation.ipynb
meet_flg,workmode_only,7,0.1500070741369553,2.9498267856969576,0.4333788708661069,1.6260586325251312,-2.7536960488831506,3.6204537906153647,percentage_points,treated_orders_on_post_event_weeks_normalized_to_1,a'Cov(theta)a,hex,notebooks/final_empirical_recalculation.ipynb
meet_flg,workmode_only,8,0.09079654782116582,2.9804035885938798,0.4333788708661069,1.6260586325251312,-2.7536960488831506,3.6204537906153647,percentage_points,treated_orders_on_post_event_weeks_normalized_to_1,a'Cov(theta)a,hex,notebooks/final_empirical_recalculation.ipynb
success_within_20,region_and_workmode,0,0.3474481836416314,-1.6174619591684265,-0.7152227337593001,2.4139396748442223,-5.446544496453976,4.016099028935376,percentage_points,treated_orders_on_post_event_weeks_normalized_to_1,a'Cov(theta)a,hex,notebooks/final_empirical_recalculation.ipynb
success_within_20,region_and_workmode,1,0.1399598841096501,-6.9574301356267725,-0.7152227337593001,2.4139396748442223,-5.446544496453976,4.016099028935376,percentage_points,treated_orders_on_post_event_weeks_normalized_to_1,a'Cov(theta)a,hex,notebooks/final_empirical_recalculation.ipynb
success_within_20,region_and_workmode,2,0.12034767104969914,-1.6918950705223317,-0.7152227337593001,2.4139396748442223,-5.446544496453976,4.016099028935376,percentage_points,treated_orders_on_post_event_weeks_normalized_to_1,a'Cov(theta)a,hex,notebooks/final_empirical_recalculation.ipynb
success_within_20,region_and_workmode,3,0.12413639402718966,-3.0126940559408197,-0.7152227337593001,2.4139396748442223,-5.446544496453976,4.016099028935376,percentage_points,treated_orders_on_post_event_weeks_normalized_to_1,a'Cov(theta)a,hex,notebooks/final_empirical_recalculation.ipynb
success_within_20,region_and_workmode,4,0.1294851794071763,2.796257520694736,-0.7152227337593001,2.4139396748442223,-5.446544496453976,4.016099028935376,percentage_points,treated_orders_on_post_event_weeks_normalized_to_1,a'Cov(theta)a,hex,notebooks/final_empirical_recalculation.ipynb
success_within_20,region_and_workmode,5,0.10051259193224872,5.746044377725883,-0.7152227337593001,2.4139396748442223,-5.446544496453976,4.016099028935376,percentage_points,treated_orders_on_post_event_weeks_normalized_to_1,a'Cov(theta)a,hex,notebooks/final_empirical_recalculation.ipynb
success_within_20,region_and_workmode,6,0.038110095832404725,12.030919336270717,-0.7152227337593001,2.4139396748442223,-5.446544496453976,4.016099028935376,percentage_points,treated_orders_on_post_event_weeks_normalized_to_1,a'Cov(theta)a,hex,notebooks/final_empirical_recalculation.ipynb
success_within_20,region_only,0,0.4726507713884993,-3.638719324374088,-5.983488471089745,3.224708365912617,-12.303916868278474,0.3369399260989822,percentage_points,treated_orders_on_post_event_weeks_normalized_to_1,a'Cov(theta)a,hex,notebooks/final_empirical_recalculation.ipynb
success_within_20,region_only,1,0.06685366993922394,-9.626124792820704,-5.983488471089745,3.224708365912617,-12.303916868278474,0.3369399260989822,percentage_points,treated_orders_on_post_event_weeks_normalized_to_1,a'Cov(theta)a,hex,notebooks/final_empirical_recalculation.ipynb
success_within_20,region_only,2,0.08976157082748948,-7.3429960891606125,-5.983488471089745,3.224708365912617,-12.303916868278474,0.3369399260989822,percentage_points,treated_orders_on_post_event_weeks_normalized_to_1,a'Cov(theta)a,hex,notebooks/final_empirical_recalculation.ipynb
success_within_20,region_only,3,0.09583917718560075,-7.473597722180197,-5.983488471089745,3.224708365912617,-12.303916868278474,0.3369399260989822,percentage_points,treated_orders_on_post_event_weeks_normalized_to_1,a'Cov(theta)a,hex,notebooks/final_empirical_recalculation.ipynb
success_within_20,region_only,4,0.1042543244506779,-8.043197087637667,-5.983488471089745,3.224708365912617,-12.303916868278474,0.3369399260989822,percentage_points,treated_orders_on_post_event_weeks_normalized_to_1,a'Cov(theta)a,hex,notebooks/final_empirical_recalculation.ipynb
success_within_20,region_only,5,0.11220196353436185,-12.280274478452162,-5.983488471089745,3.224708365912617,-12.303916868278474,0.3369399260989822,percentage_points,treated_orders_on_post_event_weeks_normalized_to_1,a'Cov(theta)a,hex,notebooks/final_empirical_recalculation.ipynb
success_within_20,region_only,6,0.0584385226741468,-0.48447319846324255,-5.983488471089745,3.224708365912617,-12.303916868278474,0.3369399260989822,percentage_points,treated_orders_on_post_event_weeks_normalized_to_1,a'Cov(theta)a,hex,notebooks/final_empirical_recalculation.ipynb
success_within_20,workmode_only,0,0.1923052094764702,1.7793211247871297,-0.5384891149615899,1.7569202008563656,-3.9820527086400666,2.905074478716887,percentage_points,treated_orders_on_post_event_weeks_normalized_to_1,a'Cov(theta)a,hex,notebooks/final_empirical_recalculation.ipynb
success_within_20,workmode_only,1,0.1570589374475502,-0.3063609948241368,-0.5384891149615899,1.7569202008563656,-3.9820527086400666,2.905074478716887,percentage_points,treated_orders_on_post_event_weeks_normalized_to_1,a'Cov(theta)a,hex,notebooks/final_empirical_recalculation.ipynb
success_within_20,workmode_only,2,0.17216448260280162,-0.830233378806858,-0.5384891149615899,1.7569202008563656,-3.9820527086400666,2.905074478716887,percentage_points,treated_orders_on_post_event_weeks_normalized_to_1,a'Cov(theta)a,hex,notebooks/final_empirical_recalculation.ipynb
success_within_20,workmode_only,3,0.18158930992189012,-0.79986543581402,-0.5384891149615899,1.7569202008563656,-3.9820527086400666,2.905074478716887,percentage_points,treated_orders_on_post_event_weeks_normalized_to_1,a'Cov(theta)a,hex,notebooks/final_empirical_recalculation.ipynb
success_within_20,workmode_only,4,0.169195016461171,-2.645990192296343,-0.5384891149615899,1.7569202008563656,-3.9820527086400666,2.905074478716887,percentage_points,treated_orders_on_post_event_weeks_normalized_to_1,a'Cov(theta)a,hex,notebooks/final_empirical_recalculation.ipynb
success_within_20,workmode_only,5,0.12575043573687947,-0.3433824877640372,-0.5384891149615899,1.7569202008563656,-3.9820527086400666,2.905074478716887,percentage_points,treated_orders_on_post_event_weeks_normalized_to_1,a'Cov(theta)a,hex,notebooks/final_empirical_recalculation.ipynb
success_within_20,workmode_only,6,0.0019366083532373637,-27.62176459359782,-0.5384891149615899,1.7569202008563656,-3.9820527086400666,2.905074478716887,percentage_points,treated_orders_on_post_event_weeks_normalized_to_1,a'Cov(theta)a,hex,notebooks/final_empirical_recalculation.ipynb
utlz_within_25,region_and_workmode,0,0.24146124146124145,1.4250691864868512,1.8675244205033101,2.6129328257811624,-3.2538239180277677,6.988872759034388,percentage_points,treated_orders_on_post_event_weeks_normalized_to_1,a'Cov(theta)a,hex,notebooks/final_empirical_recalculation.ipynb
utlz_within_25,region_and_workmode,1,0.1865161865161865,-0.010739357236825921,1.8675244205033101,2.6129328257811624,-3.2538239180277677,6.988872759034388,percentage_points,treated_orders_on_post_event_weeks_normalized_to_1,a'Cov(theta)a,hex,notebooks/final_empirical_recalculation.ipynb
utlz_within_25,region_and_workmode,2,0.16038016038016037,-0.10158731428950458,1.8675244205033101,2.6129328257811624,-3.2538239180277677,6.988872759034388,percentage_points,treated_orders_on_post_event_weeks_normalized_to_1,a'Cov(theta)a,hex,notebooks/final_empirical_recalculation.ipynb
utlz_within_25,region_and_workmode,3,0.16483516483516483,1.3868104242105768,1.8675244205033101,2.6129328257811624,-3.2538239180277677,6.988872759034388,percentage_points,treated_orders_on_post_event_weeks_normalized_to_1,a'Cov(theta)a,hex,notebooks/final_empirical_recalculation.ipynb
utlz_within_25,region_and_workmode,4,0.17255717255717257,5.3254039416835415,1.8675244205033101,2.6129328257811624,-3.2538239180277677,6.988872759034388,percentage_points,treated_orders_on_post_event_weeks_normalized_to_1,a'Cov(theta)a,hex,notebooks/final_empirical_recalculation.ipynb
utlz_within_25,region_and_workmode,5,0.07425007425007425,5.308941862907547,1.8675244205033101,2.6129328257811624,-3.2538239180277677,6.988872759034388,percentage_points,treated_orders_on_post_event_weeks_normalized_to_1,a'Cov(theta)a,hex,notebooks/final_empirical_recalculation.ipynb
utlz_within_25,region_only,0,0.4900497512437811,2.978078283477033,2.730592650528563,4.4610347333142375,-6.013035426767344,11.47422072782447,percentage_points,treated_orders_on_post_event_weeks_normalized_to_1,a'Cov(theta)a,hex,notebooks/final_empirical_recalculation.ipynb
utlz_within_25,region_only,2,0.2325870646766169,6.221654487913741,2.730592650528563,4.4610347333142375,-6.013035426767344,11.47422072782447,percentage_points,treated_orders_on_post_event_weeks_normalized_to_1,a'Cov(theta)a,hex,notebooks/final_empirical_recalculation.ipynb
utlz_within_25,region_only,4,0.277363184079602,-0.6341513089903844,2.730592650528563,4.4610347333142375,-6.013035426767344,11.47422072782447,percentage_points,treated_orders_on_post_event_weeks_normalized_to_1,a'Cov(theta)a,hex,notebooks/final_empirical_recalculation.ipynb
utlz_within_25,workmode_only,0,0.18805409466566492,2.6711742214875924,1.0443790246857452,1.8921224917987547,-2.664181059239814,4.752939108611304,percentage_points,treated_orders_on_post_event_weeks_normalized_to_1,a'Cov(theta)a,hex,notebooks/final_empirical_recalculation.ipynb
utlz_within_25,workmode_only,1,0.18264462809917356,2.6247649807601343,1.0443790246857452,1.8921224917987547,-2.664181059239814,4.752939108611304,percentage_points,treated_orders_on_post_event_weeks_normalized_to_1,a'Cov(theta)a,hex,notebooks/final_empirical_recalculation.ipynb
utlz_within_25,workmode_only,2,0.1996243425995492,-1.8153043101037762,1.0443790246857452,1.8921224917987547,-2.664181059239814,4.752939108611304,percentage_points,treated_orders_on_post_event_weeks_normalized_to_1,a'Cov(theta)a,hex,notebooks/final_empirical_recalculation.ipynb
utlz_within_25,workmode_only,3,0.21044327573253194,1.5257449363421318,1.0443790246857452,1.8921224917987547,-2.664181059239814,4.752939108611304,percentage_points,treated_orders_on_post_event_weeks_normalized_to_1,a'Cov(theta)a,hex,notebooks/final_empirical_recalculation.ipynb
utlz_within_25,workmode_only,4,0.19579263711495115,0.2909064322278409,1.0443790246857452,1.8921224917987547,-2.664181059239814,4.752939108611304,percentage_points,treated_orders_on_post_event_weeks_normalized_to_1,a'Cov(theta)a,hex,notebooks/final_empirical_recalculation.ipynb
utlz_within_25,workmode_only,5,0.023441021788129224,2.004749669300011,1.0443790246857452,1.8921224917987547,-2.664181059239814,4.752939108611304,percentage_points,treated_orders_on_post_event_weeks_normalized_to_1,a'Cov(theta)a,hex,notebooks/final_empirical_recalculation.ipynb
t_available,region_and_workmode,0,0.1495367847411444,0.7008450944820079,1.181331603673443,0.12041097508273942,0.9453260925112736,1.4173371148356122,days,treated_orders_on_post_event_weeks_normalized_to_1,a'Cov(theta)a,hex,notebooks/final_empirical_recalculation.ipynb
t_available,region_and_workmode,1,0.1645776566757493,0.8513995407499428,1.181331603673443,0.12041097508273942,0.9453260925112736,1.4173371148356122,days,treated_orders_on_post_event_weeks_normalized_to_1,a'Cov(theta)a,hex,notebooks/final_empirical_recalculation.ipynb
t_available,region_and_workmode,2,0.23313351498637602,0.8718319078631837,1.181331603673443,0.12041097508273942,0.9453260925112736,1.4173371148356122,days,treated_orders_on_post_event_weeks_normalized_to_1,a'Cov(theta)a,hex,notebooks/final_empirical_recalculation.ipynb
t_available,region_and_workmode,3,0.15880108991825614,0.5234727929520394,1.181331603673443,0.12041097508273942,0.9453260925112736,1.4173371148356122,days,treated_orders_on_post_event_weeks_normalized_to_1,a'Cov(theta)a,hex,notebooks/final_empirical_recalculation.ipynb
t_available,region_and_workmode,4,0.05950953678474114,1.6218676301155428,1.181331603673443,0.12041097508273942,0.9453260925112736,1.4173371148356122,days,treated_orders_on_post_event_weeks_normalized_to_1,a'Cov(theta)a,hex,notebooks/final_empirical_recalculation.ipynb
t_available,region_and_workmode,5,0.05046321525885559,1.7019398032399469,1.181331603673443,0.12041097508273942,0.9453260925112736,1.4173371148356122,days,treated_orders_on_post_event_weeks_normalized_to_1,a'Cov(theta)a,hex,notebooks/final_empirical_recalculation.ipynb
t_available,region_and_workmode,6,0.04719346049046322,1.3885985094078561,1.181331603673443,0.12041097508273942,0.9453260925112736,1.4173371148356122,days,treated_orders_on_post_event_weeks_normalized_to_1,a'Cov(theta)a,hex,notebooks/final_empirical_recalculation.ipynb
t_available,region_and_workmode,7,0.0644141689373297,3.558170651069766,1.181331603673443,0.12041097508273942,0.9453260925112736,1.4173371148356122,days,treated_orders_on_post_event_weeks_normalized_to_1,a'Cov(theta)a,hex,notebooks/final_empirical_recalculation.ipynb
t_available,region_and_workmode,8,0.07237057220708447,2.389030893061181,1.181331603673443,0.12041097508273942,0.9453260925112736,1.4173371148356122,days,treated_orders_on_post_event_weeks_normalized_to_1,a'Cov(theta)a,hex,notebooks/final_empirical_recalculation.ipynb
t_available,region_only,0,0.18624807395993837,0.270207454245738,0.11357373020914052,0.0828896727829141,-0.04889002844537113,0.2760374888636522,days,treated_orders_on_post_event_weeks_normalized_to_1,a'Cov(theta)a,hex,notebooks/final_empirical_recalculation.ipynb
t_available,region_only,1,0.14791987673343607,-0.10490968885604232,0.11357373020914052,0.0828896727829141,-0.04889002844537113,0.2760374888636522,days,treated_orders_on_post_event_weeks_normalized_to_1,a'Cov(theta)a,hex,notebooks/final_empirical_recalculation.ipynb
t_available,region_only,2,0.2600154083204931,-0.2993484638412879,0.11357373020914052,0.0828896727829141,-0.04889002844537113,0.2760374888636522,days,treated_orders_on_post_event_weeks_normalized_to_1,a'Cov(theta)a,hex,notebooks/final_empirical_recalculation.ipynb
t_available,region_only,3,0.18470724191063173,-0.20678186702211585,0.11357373020914052,0.0828896727829141,-0.04889002844537113,0.2760374888636522,days,treated_orders_on_post_event_weeks_normalized_to_1,a'Cov(theta)a,hex,notebooks/final_empirical_recalculation.ipynb
t_available,region_only,4,0.0423728813559322,0.8585649309587428,0.11357373020914052,0.0828896727829141,-0.04889002844537113,0.2760374888636522,days,treated_orders_on_post_event_weeks_normalized_to_1,a'Cov(theta)a,hex,notebooks/final_empirical_recalculation.ipynb
t_available,region_only,5,0.04314329738058552,0.8496743853652686,0.11357373020914052,0.0828896727829141,-0.04889002844537113,0.2760374888636522,days,treated_orders_on_post_event_weeks_normalized_to_1,a'Cov(theta)a,hex,notebooks/final_empirical_recalculation.ipynb
t_available,region_only,6,0.027349768875192602,0.9522893001084823,0.11357373020914052,0.0828896727829141,-0.04889002844537113,0.2760374888636522,days,treated_orders_on_post_event_weeks_normalized_to_1,a'Cov(theta)a,hex,notebooks/final_empirical_recalculation.ipynb
t_available,region_only,7,0.04121725731895223,1.0209444111258041,0.11357373020914052,0.0828896727829141,-0.04889002844537113,0.2760374888636522,days,treated_orders_on_post_event_weeks_normalized_to_1,a'Cov(theta)a,hex,notebooks/final_empirical_recalculation.ipynb
t_available,region_only,8,0.06702619414483821,0.8001739797774342,0.11357373020914052,0.0828896727829141,-0.04889002844537113,0.2760374888636522,days,treated_orders_on_post_event_weeks_normalized_to_1,a'Cov(theta)a,hex,notebooks/final_empirical_recalculation.ipynb
t_available,workmode_only,0,0.10875770925110133,-0.1340046237896442,-0.20481303219121794,0.11301839728357514,-0.4263290908670252,0.01670302648458935,days,treated_orders_on_post_event_weeks_normalized_to_1,a'Cov(theta)a,hex,notebooks/final_empirical_recalculation.ipynb
t_available,workmode_only,1,0.11245814977973569,-0.026466385413582292,-0.20481303219121794,0.11301839728357514,-0.4263290908670252,0.01670302648458935,days,treated_orders_on_post_event_weeks_normalized_to_1,a'Cov(theta)a,hex,notebooks/final_empirical_recalculation.ipynb
t_available,workmode_only,2,0.13011453744493393,-0.3371139498112627,-0.20481303219121794,0.11301839728357514,-0.4263290908670252,0.01670302648458935,days,treated_orders_on_post_event_weeks_normalized_to_1,a'Cov(theta)a,hex,notebooks/final_empirical_recalculation.ipynb
t_available,workmode_only,3,0.12701321585903083,-0.21165127250914612,-0.20481303219121794,0.11301839728357514,-0.4263290908670252,0.01670302648458935,days,treated_orders_on_post_event_weeks_normalized_to_1,a'Cov(theta)a,hex,notebooks/final_empirical_recalculation.ipynb
t_available,workmode_only,4,0.09416740088105727,-0.4385080937045673,-0.20481303219121794,0.11301839728357514,-0.4263290908670252,0.01670302648458935,days,treated_orders_on_post_event_weeks_normalized_to_1,a'Cov(theta)a,hex,notebooks/final_empirical_recalculation.ipynb
t_available,workmode_only,5,0.08479295154185022,-0.3340003420667164,-0.20481303219121794,0.11301839728357514,-0.4263290908670252,0.01670302648458935,days,treated_orders_on_post_event_weeks_normalized_to_1,a'Cov(theta)a,hex,notebooks/final_empirical_recalculation.ipynb
t_available,workmode_only,6,0.09825550660792952,-0.6687963198506203,-0.20481303219121794,0.11301839728357514,-0.4263290908670252,0.01670302648458935,days,treated_orders_on_post_event_weeks_normalized_to_1,a'Cov(theta)a,hex,notebooks/final_empirical_recalculation.ipynb
t_available,workmode_only,7,0.1406872246696035,-0.47998706946994263,-0.20481303219121794,0.11301839728357514,-0.4263290908670252,0.01670302648458935,days,treated_orders_on_post_event_weeks_normalized_to_1,a'Cov(theta)a,hex,notebooks/final_empirical_recalculation.ipynb
t_available,workmode_only,8,0.10375330396475771,0.8321499917556322,-0.20481303219121794,0.11301839728357514,-0.4263290908670252,0.01670302648458935,days,treated_orders_on_post_event_weeks_normalized_to_1,a'Cov(theta)a,hex,notebooks/final_empirical_recalculation.ipynb
