outcome,change_type,event_week,coef,se,ci_low,ci_high,pval,estimated,baseline_week,ci_level,cluster_level,estimator
sch_flg,region_and_workmode,-8,0.026046447984702587,0.014089341952031077,-0.001568503247649386,0.05366139921705456,0.0645095357857628,True,-1,0.95,hex,PanelOLS hex+date FE event-study
sch_flg,region_and_workmode,-7,0.02654492892351349,0.018149025859479376,-0.009026956955228246,0.06211681480225523,0.14357766993228704,True,-1,0.95,hex,PanelOLS hex+date FE event-study
sch_flg,region_and_workmode,-6,0.019019813438123194,0.018636798172715748,-0.017508100670210358,0.055547727546456746,0.3074695233807403,True,-1,0.95,hex,PanelOLS hex+date FE event-study
sch_flg,region_and_workmode,-5,0.014491389970407541,0.01890175661251776,-0.022555839689968375,0.051538619630783454,0.4432802535376479,True,-1,0.95,hex,PanelOLS hex+date FE event-study
sch_flg,region_and_workmode,-4,0.04446734756692254,0.01878242025882045,0.007654015813121529,0.08128067932072355,0.017910775936587964,True,-1,0.95,hex,PanelOLS hex+date FE event-study
sch_flg,region_and_workmode,-3,0.01139301086572178,0.018364928611271324,-0.024602041970140036,0.0473880637015836,0.5350171224680165,True,-1,0.95,hex,PanelOLS hex+date FE event-study
sch_flg,region_and_workmode,-2,0.019526933328200095,0.018172279594512043,-0.016090529608794854,0.055144396265195045,0.2825811618226137,True,-1,0.95,hex,PanelOLS hex+date FE event-study
sch_flg,region_and_workmode,0,-0.01459453863479035,0.022718686262877586,-0.05912290733706524,0.02993383006748454,0.520613475524986,True,-1,0.95,hex,PanelOLS hex+date FE event-study
sch_flg,region_and_workmode,1,-0.014865750533671503,0.019804691835203815,-0.05368272304118257,0.023951221973839563,0.4528846586398798,True,-1,0.95,hex,PanelOLS hex+date FE event-study
sch_flg,region_and_workmode,2,0.0029616382833674345,0.019322950522965055,-0.034911126688449264,0.040834403255184136,0.8781852859536698,True,-1,0.95,hex,PanelOLS hex+date FE event-study
sch_flg,region_and_workmode,3,0.03177966032359914,0.01884689570556896,-0.005160042578244567,0.06871936322544285,0.09176028269582748,True,-1,0.95,hex,PanelOLS hex+date FE event-study
sch_flg,region_and_workmode,4,0.019493524465788982,0.026158584283918547,-0.03177700553959889,0.07076405447117685,0.4561492414401336,True,-1,0.95,hex,PanelOLS hex+date FE event-study
sch_flg,region_and_workmode,5,0.0384778647931274,0.024106852599649356,-0.00877129426421578,0.08572702385047057,0.11046126839474635,True,-1,0.95,hex,PanelOLS hex+date FE event-study
sch_flg,region_and_workmode,6,0.028779175743332892,0.02696731091523067,-0.02407644933321046,0.08163480081987624,0.28588988474173394,True,-1,0.95,hex,PanelOLS hex+date FE event-study
sch_flg,region_and_workmode,7,0.050566246477811654,0.025719797181734245,0.00015573424113567158,0.10097675871448764,0.04929643667524064,True,-1,0.95,hex,PanelOLS hex+date FE event-study
sch_flg,region_and_workmode,8,0.004854084348524692,0.027996831863815432,-0.05001939016943665,0.05972755886648603,0.8623532890961072,True,-1,0.95,hex,PanelOLS hex+date FE event-study
sch_flg,region_only,-8,-0.011987880567208162,0.015690111308389022,-0.042740366274607006,0.01876460514019068,0.4448452002997725,True,-1,0.95,hex,PanelOLS hex+date FE event-study
sch_flg,region_only,-7,-0.046546293697516825,0.022065137712387637,-0.08979377733832336,-0.0032988100567102815,0.034904773271772216,True,-1,0.95,hex,PanelOLS hex+date FE event-study
sch_flg,region_only,-6,0.018311200373442558,0.020957305707130554,-0.02276494188945725,0.05938734263634236,0.3822632343843684,True,-1,0.95,hex,PanelOLS hex+date FE event-study
sch_flg,region_only,-5,-2.889899633354747e-07,0.022466587427244965,-0.04403461068282299,0.04403403270289632,0.9999897367608366,True,-1,0.95,hex,PanelOLS hex+date FE event-study
sch_flg,region_only,-4,-0.025960859478995058,0.022943062562344373,-0.07092906841421233,0.01900734945622221,0.2578334795871502,True,-1,0.95,hex,PanelOLS hex+date FE event-study
sch_flg,region_only,-3,-0.029595604742419707,0.02174291131933743,-0.07221152737310614,0.013020317888266728,0.17346635428534674,True,-1,0.95,hex,PanelOLS hex+date FE event-study
sch_flg,region_only,-2,-0.05019781904493636,0.0241274058762907,-0.09748733087717734,-0.002908307212695381,0.03747979477946739,True,-1,0.95,hex,PanelOLS hex+date FE event-study
sch_flg,region_only,0,-0.04975577872330382,0.02693501820929217,-0.10254818702616322,0.00303662957955559,0.06471399002763212,True,-1,0.95,hex,PanelOLS hex+date FE event-study
sch_flg,region_only,1,0.0075650812874796265,0.022404289365985288,-0.03634713673123576,0.05147729930619501,0.7356185988819477,True,-1,0.95,hex,PanelOLS hex+date FE event-study
sch_flg,region_only,2,-0.003032544880777552,0.02300464999945807,-0.048121464672812114,0.04205637491125701,0.8951245023385976,True,-1,0.95,hex,PanelOLS hex+date FE event-study
sch_flg,region_only,3,-0.012147021594357708,0.023834088329753197,-0.05886163351159292,0.0345675903228775,0.6102986279752298,True,-1,0.95,hex,PanelOLS hex+date FE event-study
sch_flg,region_only,4,0.037263423938267246,0.03004301712220198,-0.02162063599594593,0.09614748387248043,0.21485466924130825,True,-1,0.95,hex,PanelOLS hex+date FE event-study
sch_flg,region_only,5,-0.1123828150091309,0.048885294613109136,-0.20819757975766573,-0.016568050260596073,0.02151252522914282,True,-1,0.95,hex,PanelOLS hex+date FE event-study
sch_flg,region_only,6,0.004212991503539047,0.03882879080530528,-0.07189111067942579,0.08031709368650387,0.9135979505277514,True,-1,0.95,hex,PanelOLS hex+date FE event-study
sch_flg,region_only,7,-0.007455057516966547,0.037214717397006825,-0.08039558944578976,0.06548547441185665,0.8412264805093885,True,-1,0.95,hex,PanelOLS hex+date FE event-study
sch_flg,region_only,8,-0.07631496223541784,0.03549415061820585,-0.14588319780293912,-0.006746726667896552,0.03155233659013601,True,-1,0.95,hex,PanelOLS hex+date FE event-study
sch_flg,workmode_only,-8,0.0066834462789376265,0.011058243172612255,-0.014990550124620857,0.02835744268249611,0.5455883505470704,True,-1,0.95,hex,PanelOLS hex+date FE event-study
sch_flg,workmode_only,-7,0.008548678534618537,0.014722934886010966,-0.0203080605321754,0.03740541760141247,0.5614864183811052,True,-1,0.95,hex,PanelOLS hex+date FE event-study
sch_flg,workmode_only,-6,-0.0008618589390354087,0.015048972994712416,-0.03035762797515755,0.028633910097086733,0.9543299962221483,True,-1,0.95,hex,PanelOLS hex+date FE event-study
sch_flg,workmode_only,-5,-0.01391307204050638,0.014782226495078798,-0.0428860218020407,0.015059877721027943,0.3466030373943516,True,-1,0.95,hex,PanelOLS hex+date FE event-study
sch_flg,workmode_only,-4,-0.006827769616348902,0.014802519352040622,-0.0358404930835201,0.022184953850822302,0.6446149504013867,True,-1,0.95,hex,PanelOLS hex+date FE event-study
sch_flg,workmode_only,-3,-0.001885383217917658,0.014399789804530869,-0.030108762606822298,0.026337996170986984,0.8958298919468692,True,-1,0.95,hex,PanelOLS hex+date FE event-study
sch_flg,workmode_only,-2,0.016130839970817334,0.014197266520884853,-0.011695596716352188,0.043957276657986856,0.25587811910338165,True,-1,0.95,hex,PanelOLS hex+date FE event-study
sch_flg,workmode_only,0,0.011333813506225286,0.014708873515498365,-0.017495365478088824,0.040162992490539395,0.4409797526582824,True,-1,0.95,hex,PanelOLS hex+date FE event-study
sch_flg,workmode_only,1,-0.0004449547149066474,0.014434237118009485,-0.028735850339147558,0.02784594090933426,0.9754080891750023,True,-1,0.95,hex,PanelOLS hex+date FE event-study
sch_flg,workmode_only,2,-0.004539988831342185,0.014654416167808907,-0.03326243220317746,0.02418245454049309,0.7567110061669517,True,-1,0.95,hex,PanelOLS hex+date FE event-study
sch_flg,workmode_only,3,0.005458204590383517,0.014554403550583999,-0.023068215500700276,0.03398462468146731,0.7076456923073402,True,-1,0.95,hex,PanelOLS hex+date FE event-study
sch_flg,workmode_only,4,-0.012409915362732747,0.01653837171227956,-0.04482488430648265,0.020005053581017153,0.45303286326397463,True,-1,0.95,hex,PanelOLS hex+date FE event-study
sch_flg,workmode_only,5,-0.01589107348600133,0.01670356035335286,-0.04862980977295803,0.01684766280095536,0.34142452544856394,True,-1,0.95,hex,PanelOLS hex+date FE event-study
sch_flg,workmode_only,6,0.00048810264857457775,0.016036647774515213,-0.030943494646266747,0.031919699943415904,0.9757188305961688,True,-1,0.95,hex,PanelOLS hex+date FE event-study
sch_flg,workmode_only,7,0.0027222207217608312,0.015384863133672832,-0.02743188812025826,0.03287632956377992,0.8595546677358972,True,-1,0.95,hex,PanelOLS hex+date FE event-study
sch_flg,workmode_only,8,-0.016463766848421307,0.01751857353627259,-0.05079991716577341,0.017872383468930792,0.34732774082701745,True,-1,0.95,hex,PanelOLS hex+date FE event-study
meet_flg,region_and_workmode,-8,0.05408731691024454,0.019819924143688418,0.015240489025055946,0.09293414479543313,0.006355049462633433,True,-1,0.95,hex,PanelOLS hex+date FE event-study
meet_flg,region_and_workmode,-7,0.044286520765350515,0.02522079477176221,-0.005145952665094385,0.09371899419579541,0.07909969079140877,True,-1,0.95,hex,PanelOLS hex+date FE event-study
meet_flg,region_and_workmode,-6,0.041918098509274034,0.026885893836168465,-0.010777950316204689,0.09461414733475276,0.11897336100875222,True,-1,0.95,hex,PanelOLS hex+date FE event-study
meet_flg,region_and_workmode,-5,0.06590251864613139,0.026180810800977717,0.014588424620996528,0.11721661267126626,0.011830549715873051,True,-1,0.95,hex,PanelOLS hex+date FE event-study
meet_flg,region_and_workmode,-4,0.06747312813791821,0.027386002699351927,0.013796871578489515,0.1211493846973469,0.013749729391737686,True,-1,0.95,hex,PanelOLS hex+date FE event-study
meet_flg,region_and_workmode,-3,0.044356068557475876,0.026219851165176604,-0.007034544141374104,0.09574668125632585,0.09070682839324307,True,-1,0.95,hex,PanelOLS hex+date FE event-study
meet_flg,region_and_workmode,-2,0.03527628080927852,0.026505221553692747,-0.016673654633990044,0.08722621625254709,0.18321910458928592,True,-1,0.95,hex,PanelOLS hex+date FE event-study
meet_flg,region_and_workmode,0,-0.0015253376064380398,0.028768039063830964,-0.057910369860100945,0.054859694647224864,0.9577145270521439,True,-1,0.95,hex,PanelOLS hex+date FE event-study
meet_flg,region_and_workmode,1,-0.036940002249454824,0.027535191224804082,-0.09090866663691906,0.01702866213800941,0.17974316340917862,True,-1,0.95,hex,PanelOLS hex+date FE event-study
meet_flg,region_and_workmode,2,-1.594436142674282e-05,0.02675249537898916,-0.05245053371467815,0.05241864499182467,0.9995244658223383,True,-1,0.95,hex,PanelOLS hex+date FE event-study
meet_flg,region_and_workmode,3,0.02100434822691222,0.02807693866178868,-0.03402613502974705,0.07603483148357149,0.45440188282105076,True,-1,0.95,hex,PanelOLS hex+date FE event-study
meet_flg,region_and_workmode,4,0.05176010449059412,0.03849279706789436,-0.023685343820678287,0.12720555280186652,0.17873504918199634,True,-1,0.95,hex,PanelOLS hex+date FE event-study
meet_flg,region_and_workmode,5,0.05985301834390959,0.036536681659607904,-0.01175846581904555,0.13146450250686473,0.10139110082675873,True,-1,0.95,hex,PanelOLS hex+date FE event-study
meet_flg,region_and_workmode,6,0.04313083198070997,0.036770550401639776,-0.02893903228014936,0.11520069624156931,0.2408098835826722,True,-1,0.95,hex,PanelOLS hex+date FE event-study
meet_flg,region_and_workmode,7,-0.19389423712628764,0.039291766727074726,-0.2709056569625092,-0.11688281729006612,8.039617773736296e-07,True,-1,0.95,hex,PanelOLS hex+date FE event-study
meet_flg,region_and_workmode,8,-0.04209937767415128,0.03522835343676506,-0.11114655326954331,0.026947797921240767,0.23207340241662444,True,-1,0.95,hex,PanelOLS hex+date FE event-study
meet_flg,region_only,-8,0.009343435017080568,0.026136202796145296,-0.041883301819667915,0.060570171853829055,0.720725776914569,True,-1,0.95,hex,PanelOLS hex+date FE event-study
meet_flg,region_only,-7,-0.03096458405408961,0.03323005950996887,-0.09609522016308575,0.034166052054906526,0.35142983838331787,True,-1,0.95,hex,PanelOLS hex+date FE event-study
meet_flg,region_only,-6,0.06870160964159423,0.03475367754539755,0.0005846950456504935,0.136818524237538,0.04806567290242625,True,-1,0.95,hex,PanelOLS hex+date FE event-study
meet_flg,region_only,-5,0.03051018830131395,0.03341717591160211,-0.03498719437523326,0.09600757097786117,0.36124027303433226,True,-1,0.95,hex,PanelOLS hex+date FE event-study
meet_flg,region_only,-4,0.013531980759615633,0.035062319501036984,-0.0551898694638039,0.08225383098303517,0.6995414436490197,True,-1,0.95,hex,PanelOLS hex+date FE event-study
meet_flg,region_only,-3,0.004685949371189974,0.03523609210752479,-0.06437649369394487,0.07374839243632482,0.8942038113100255,True,-1,0.95,hex,PanelOLS hex+date FE event-study
meet_flg,region_only,-2,-0.005177095880105519,0.032924727879042326,-0.06970928457011713,0.059355092809906085,0.8750557946210886,True,-1,0.95,hex,PanelOLS hex+date FE event-study
meet_flg,region_only,0,-0.03246119223581592,0.036282623843912884,-0.10357482866937555,0.038652444197743704,0.37096282251512314,True,-1,0.95,hex,PanelOLS hex+date FE event-study
meet_flg,region_only,1,0.027678674522890613,0.0351727254936661,-0.0412595705140267,0.09661691955980792,0.4313216559575559,True,-1,0.95,hex,PanelOLS hex+date FE event-study
meet_flg,region_only,2,0.011494188758173839,0.033061216959560394,-0.053305517377402585,0.07629389489375027,0.7280935265942741,True,-1,0.95,hex,PanelOLS hex+date FE event-study
meet_flg,region_only,3,0.1582039701978824,0.03448558892273931,0.09061250703912545,0.22579543335663937,4.491340119594511e-06,True,-1,0.95,hex,PanelOLS hex+date FE event-study
meet_flg,region_only,4,-0.060104625213051086,0.05804567724515962,-0.17387366258779846,0.053664412161696304,0.3004518348607059,True,-1,0.95,hex,PanelOLS hex+date FE event-study
meet_flg,region_only,5,-0.1079714610690263,0.0605306979794714,-0.22661111810430173,0.010668195966249128,0.07446828154461937,True,-1,0.95,hex,PanelOLS hex+date FE event-study
meet_flg,region_only,6,-0.022618347428655455,0.06693819267429339,-0.15381663997325276,0.10857994511594185,0.7354401361442817,True,-1,0.95,hex,PanelOLS hex+date FE event-study
meet_flg,region_only,7,0.01937895564383657,0.0519921130724581,-0.08252514705703824,0.12128305834471138,0.7093512499720163,True,-1,0.95,hex,PanelOLS hex+date FE event-study
meet_flg,region_only,8,-0.11122931686872499,0.04060596903078701,-0.19081667337056812,-0.031641960366881855,0.006159490061015127,True,-1,0.95,hex,PanelOLS hex+date FE event-study
meet_flg,workmode_only,-8,0.01601394490350595,0.015888879071646034,-0.015128036579764602,0.0471559263867765,0.31351852964480864,True,-1,0.95,hex,PanelOLS hex+date FE event-study
meet_flg,workmode_only,-7,0.027733210942217965,0.021435705673313918,-0.01428047335540087,0.06974689523983679,0.19574221031450478,True,-1,0.95,hex,PanelOLS hex+date FE event-study
meet_flg,workmode_only,-6,0.0012374302656751794,0.021137356799244323,-0.04019149439786662,0.042666354929216985,0.9533167490765277,True,-1,0.95,hex,PanelOLS hex+date FE event-study
meet_flg,workmode_only,-5,-0.0015373791085057003,0.02149397892373634,-0.04366527816460071,0.040590519947589304,0.9429792370558685,True,-1,0.95,hex,PanelOLS hex+date FE event-study
meet_flg,workmode_only,-4,0.00990391145679988,0.021497120678399314,-0.03223014539463727,0.05203796830823702,0.6450085134038734,True,-1,0.95,hex,PanelOLS hex+date FE event-study
meet_flg,workmode_only,-3,0.006405562711097018,0.02158744876782619,-0.0359055359364081,0.048716661358602135,0.7666760882964216,True,-1,0.95,hex,PanelOLS hex+date FE event-study
meet_flg,workmode_only,-2,0.029766447283918203,0.02128664254632352,-0.011955075362797433,0.07148796993063383,0.1620070589998739,True,-1,0.95,hex,PanelOLS hex+date FE event-study
meet_flg,workmode_only,0,0.0064396120161324365,0.022179364518649644,-0.0370316332514508,0.04991085728371568,0.7715547927364763,True,-1,0.95,hex,PanelOLS hex+date FE event-study
meet_flg,workmode_only,1,0.0013640323605337715,0.02128736716949068,-0.04035891053748797,0.04308697525855551,0.9489089698484308,True,-1,0.95,hex,PanelOLS hex+date FE event-study
meet_flg,workmode_only,2,-0.007008779322790059,0.02030224727080354,-0.046800900952339644,0.03278334230675953,0.729928270553716,True,-1,0.95,hex,PanelOLS hex+date FE event-study
meet_flg,workmode_only,3,-0.007975711292681065,0.021197344913382585,-0.049522211823676214,0.03357078923831409,0.7067244159691373,True,-1,0.95,hex,PanelOLS hex+date FE event-study
meet_flg,workmode_only,4,-0.015527567416913862,0.024365167132485533,-0.06328295533667665,0.03222782050284892,0.5239402597751552,True,-1,0.95,hex,PanelOLS hex+date FE event-study
meet_flg,workmode_only,5,-0.007304365154091658,0.024437290678454064,-0.055201114218522467,0.040592383910339154,0.7650150837959662,True,-1,0.95,hex,PanelOLS hex+date FE event-study
meet_flg,workmode_only,6,0.004189654906709215,0.02269959054511596,-0.04030122612059481,0.04868053593401324,0.8535669608560414,True,-1,0.95,hex,PanelOLS hex+date FE event-study
meet_flg,workmode_only,7,0.029498267856969577,0.021411048866356017,-0.012467089442737254,0.07146362515667641,0.16829496540908995,True,-1,0.95,hex,PanelOLS hex+date FE event-study
meet_flg,workmode_only,8,0.029804035885938798,0.02422440929109609,-0.01767546862691975,0.07728354039879734,0.2185759632811337,True,-1,0.95,hex,PanelOLS hex+date FE event-study
success_within_20,region_and_workmode,-8,0.05119328372089908,0.020284787241917426,0.011435265181785802,0.09095130226001236,0.011613583013057927,True,-1,0.95,hex,PanelOLS hex+date FE event-study
success_within_20,region_and_workmode,-7,0.017807262500798664,0.026426256410877227,-0.033987985818685534,0.06960251082028286,0.5004102086313162,True,-1,0.95,hex,PanelOLS hex+date FE event-study
success_within_20,region_and_workmode,-6,0.04748782227210502,0.02761185417740603,-0.006631188057767801,0.10160683260197784,0.08546615068104502,True,-1,0.95,hex,PanelOLS hex+date FE event-study
success_within_20,region_and_workmode,-5,0.04909256570752927,0.027673481546107843,-0.005147233765366958,0.10333236518042549,0.07606786827961587,True,-1,0.95,hex,PanelOLS hex+date FE event-study
success_within_20,region_and_workmode,-4,0.06288505214800044,0.028069825734352356,0.007868421279429903,0.11790168301657097,0.025073514068202574,True,-1,0.95,hex,PanelOLS hex+date FE event-study
success_within_20,region_and_workmode,-3,0.047611265793752966,0.026642833820744543,-0.004608472493211113,0.09983100408071705,0.0739378854665318,True,-1,0.95,hex,PanelOLS hex+date FE event-study
success_within_20,region_and_workmode,-2,0.02492069368516354,0.027148542901604174,-0.028290230300345467,0.07813161767067255,0.3586536504906148,True,-1,0.95,hex,PanelOLS hex+date FE event-study
success_within_20,region_and_workmode,0,-0.016174619591684265,0.02941112788538014,-0.07382019180191782,0.04147095261854929,0.5823558174075005,True,-1,0.95,hex,PanelOLS hex+date FE event-study
success_within_20,region_and_workmode,1,-0.06957430135626773,0.03856475635282418,-0.14516091115139412,0.006012308438858652,0.07122069667657605,True,-1,0.95,hex,PanelOLS hex+date FE event-study
success_within_20,region_and_workmode,2,-0.016918950705223316,0.04066859098902491,-0.09662905933086495,0.06279115792041833,0.6773963559303828,True,-1,0.95,hex,PanelOLS hex+date FE event-study
success_within_20,region_and_workmode,3,-0.030126940559408198,0.042414305912397074,-0.1132586362818084,0.053004755162992,0.47751920498811096,True,-1,0.95,hex,PanelOLS hex+date FE event-study
success_within_20,region_and_workmode,4,0.027962575206947362,0.04083059137129663,-0.052065052854559646,0.10799020326845438,0.49344439336587964,True,-1,0.95,hex,PanelOLS hex+date FE event-study
success_within_20,region_and_workmode,5,0.057460443777258834,0.03862562968106761,-0.018245477247705776,0.13316636480222344,0.1368535845385177,True,-1,0.95,hex,PanelOLS hex+date FE event-study
success_within_20,region_and_workmode,6,0.12030919336270718,0.057160941718642264,0.008274211015604466,0.2323441757098099,0.0353164581970542,True,-1,0.95,hex,PanelOLS hex+date FE event-study
success_within_20,region_and_workmode,7,,,,,,False,-1,0.95,hex,PanelOLS hex+date FE event-study
success_within_20,region_and_workmode,8,,,,,,False,-1,0.95,hex,PanelOLS hex+date FE event-study
success_within_20,region_only,-8,0.010038907236379216,0.027759110407869787,-0.04436881201320105,0.06444662648595949,0.7176193091811762,True,-1,0.95,hex,PanelOLS hex+date FE event-study
success_within_20,region_only,-7,-0.0245681614012401,0.03585608389115916,-0.09484590867323173,0.04570958587075152,0.49322732293795957,True,-1,0.95,hex,PanelOLS hex+date FE event-study
success_within_20,region_only,-6,0.05922493152699785,0.037343133857813314,-0.013967426332546308,0.13241728938654201,0.11275121953892242,True,-1,0.95,hex,PanelOLS hex+date FE event-study
success_within_20,region_only,-5,0.026514058335109076,0.036211551586995315,-0.044460403864456946,0.09748852053467509,0.4640494218036708,True,-1,0.95,hex,PanelOLS hex+date FE event-study
success_within_20,region_only,-4,0.04618435229122107,0.03739245005682963,-0.0271046650747378,0.11947336965717995,0.21678776355592122,True,-1,0.95,hex,PanelOLS hex+date FE event-study
success_within_20,region_only,-3,0.004451164642370659,0.03731489235380082,-0.06868584000884222,0.07758816929358354,0.9050486555944994,True,-1,0.95,hex,PanelOLS hex+date FE event-study
success_within_20,region_only,-2,0.004005396309281716,0.03441841114387836,-0.06345451948117038,0.07146531209973382,0.9073567197620156,True,-1,0.95,hex,PanelOLS hex+date FE event-study
success_within_20,region_only,0,-0.03638719324374088,0.039130412436736595,-0.11308260828754113,0.04030822180005938,0.35242814925508603,True,-1,0.95,hex,PanelOLS hex+date FE event-study
success_within_20,region_only,1,-0.09626124792820703,0.0650055761185793,-0.22367185594661773,0.031149360090203665,0.13865994069762544,True,-1,0.95,hex,PanelOLS hex+date FE event-study
success_within_20,region_only,2,-0.07342996089160612,0.06849199144097604,-0.20767392571653104,0.0608140039333188,0.2836804955866663,True,-1,0.95,hex,PanelOLS hex+date FE event-study
success_within_20,region_only,3,-0.07473597722180197,0.06224087269234651,-0.19672778018440723,0.04725582574080328,0.22985036360930144,True,-1,0.95,hex,PanelOLS hex+date FE event-study
success_within_20,region_only,4,-0.08043197087637667,0.05840781822129293,-0.19491100601374545,0.03404706426099209,0.16849296863271546,True,-1,0.95,hex,PanelOLS hex+date FE event-study
success_within_20,region_only,5,-0.12280274478452162,0.06414520268056784,-0.2485270251152895,0.002921535546246287,0.05556649247370338,True,-1,0.95,hex,PanelOLS hex+date FE event-study
success_within_20,region_only,6,-0.004844731984632426,0.06504830410314642,-0.13233908664168792,0.12264962267242308,0.9406294534958908,True,-1,0.95,hex,PanelOLS hex+date FE event-study
success_within_20,region_only,7,,,,,,False,-1,0.95,hex,PanelOLS hex+date FE event-study
success_within_20,region_only,8,,,,,,False,-1,0.95,hex,PanelOLS hex+date FE event-study
success_within_20,workmode_only,-8,0.028998757362920322,0.01655356176758573,-0.0034460402518298357,0.061443554977670484,0.0798090580179649,True,-1,0.95,hex,PanelOLS hex+date FE event-study
success_within_20,workmode_only,-7,0.03195309586709977,0.02219757382922608,-0.011553902840451047,0.07546009457465058,0.15001617501239295,True,-1,0.95,hex,PanelOLS hex+date FE event-study
success_within_20,workmode_only,-6,0.022411443790534096,0.02154533291965096,-0.01981716996250722,0.06464005754357541,0.2982498829358544,True,-1,0.95,hex,PanelOLS hex+date FE event-study
success_within_20,workmode_only,-5,0.014573857769867594,0.021808822027463832,-0.028171191714450573,0.057318907254185765,0.5039723541561973,True,-1,0.95,hex,PanelOLS hex+date FE event-study
success_within_20,workmode_only,-4,-0.003995151491740329,0.022098158160069693,-0.04730729658948797,0.03931699360600731,0.8565318926747052,True,-1,0.95,hex,PanelOLS hex+date FE event-study
success_within_20,workmode_only,-3,0.014883825787656714,0.022867307610748587,-0.02993584370956115,0.05970349528487458,0.5151268625547165,True,-1,0.95,hex,PanelOLS hex+date FE event-study
success_within_20,workmode_only,-2,0.029858886925925063,0.02169234107865387,-0.01265786118958959,0.07237563504143972,0.16867897746916816,True,-1,0.95,hex,PanelOLS hex+date FE event-study
success_within_20,workmode_only,0,0.017793211247871296,0.022706651901808653,-0.026711574840241406,0.062297997335984,0.43326959914571117,True,-1,0.95,hex,PanelOLS hex+date FE event-study
success_within_20,workmode_only,1,-0.003063609948241368,0.0232289093354853,-0.04859201481860415,0.042464794922121414,0.8950733105961628,True,-1,0.95,hex,PanelOLS hex+date FE event-study
success_within_20,workmode_only,2,-0.00830233378806858,0.022462610126622623,-0.05232880070133399,0.03572413312519684,0.7116762950138131,True,-1,0.95,hex,PanelOLS hex+date FE event-study
success_within_20,workmode_only,3,-0.0079986543581402,0.023917547641602567,-0.054876782676872224,0.038879473960591826,0.7380587155037241,True,-1,0.95,hex,PanelOLS hex+date FE event-study
success_within_20,workmode_only,4,-0.026459901922963432,0.02521849340741446,-0.07588786952535852,0.022968065679431656,0.29407672597249923,True,-1,0.95,hex,PanelOLS hex+date FE event-study
success_within_20,workmode_only,5,-0.0034338248776403717,0.02679737578309998,-0.05595638443890449,0.04908873468362374,0.8980381822994401,True,-1,0.95,hex,PanelOLS hex+date FE event-study
success_within_20,workmode_only,6,-0.2762176459359782,0.11847435794343548,-0.5084260745497584,-0.04400921732219795,0.019731451765754082,True,-1,0.95,hex,PanelOLS hex+date FE event-study
success_within_20,workmode_only,7,,,,,,False,-1,0.95,hex,PanelOLS hex+date FE event-study
success_within_20,workmode_only,8,,,,,,False,-1,0.95,hex,PanelOLS hex+date FE event-study
utlz_within_25,region_and_workmode,-8,0.031666002952729755,0.020746936164932672,-0.008997839701686987,0.0723298456071465,0.12693954036202548,True,-1,0.95,hex,PanelOLS hex+date FE event-study
utlz_within_25,region_and_workmode,-7,0.011024263314004589,0.027932622601159973,-0.04372347203106437,0.06577199865907356,0.6930849488815327,True,-1,0.95,hex,PanelOLS hex+date FE event-study
utlz_within_25,region_and_workmode,-6,0.011815849435765085,0.02887032597862599,-0.04476977764881977,0.06840147652034995,0.6823402724930641,True,-1,0.95,hex,PanelOLS hex+date FE event-study
utlz_within_25,region_and_workmode,-5,0.042050319880695686,0.0297605679985138,-0.016280175030795388,0.10038081479218676,0.15767295023429817,True,-1,0.95,hex,PanelOLS hex+date FE event-study
utlz_within_25,region_and_workmode,-4,0.07653207523041859,0.030047126476564552,0.017639927804546117,0.13542422265629106,0.010865019660797559,True,-1,0.95,hex,PanelOLS hex+date FE event-study
utlz_within_25,region_and_workmode,-3,0.04181735422482723,0.028164945794783625,-0.013385732875092739,0.09702044132474719,0.13761903765438066,True,-1,0.95,hex,PanelOLS hex+date FE event-study
utlz_within_25,region_and_workmode,-2,0.038927469729692014,0.029053966888629438,-0.018018092191050293,0.09587303165043431,0.1803032564462843,True,-1,0.95,hex,PanelOLS hex+date FE event-study
utlz_within_25,region_and_workmode,0,0.014250691864868513,0.03757736835676652,-0.05940067439370073,0.08790205812343777,0.7045135742303488,True,-1,0.95,hex,PanelOLS hex+date FE event-study
utlz_within_25,region_and_workmode,1,-0.00010739357236825921,0.03895581841947804,-0.07646051183959388,0.07624572469485735,0.9978003977506293,True,-1,0.95,hex,PanelOLS hex+date FE event-study
utlz_within_25,region_and_workmode,2,-0.0010158731428950459,0.042576448295564506,-0.08446539940119129,0.0824336531154012,0.9809643552314853,True,-1,0.95,hex,PanelOLS hex+date FE event-study
utlz_within_25,region_and_workmode,3,0.013868104242105767,0.042958573808488616,-0.07033038521770879,0.09806659370192033,0.7468285477647769,True,-1,0.95,hex,PanelOLS hex+date FE event-study
utlz_within_25,region_and_workmode,4,0.053254039416835416,0.040436377566187016,-0.026000963914464992,0.13250904274813582,0.18784782543207368,True,-1,0.95,hex,PanelOLS hex+date FE event-study
utlz_within_25,region_and_workmode,5,0.05308941862907547,0.059109286270523115,-0.06276434875186966,0.16894318601002062,0.36910447375165334,True,-1,0.95,hex,PanelOLS hex+date FE event-study
utlz_within_25,region_and_workmode,6,-0.035577807558635745,0.11680680718253474,-0.2645182925765498,0.19336267745927832,0.7606816673771633,True,-1,0.95,hex,PanelOLS hex+date FE event-study
utlz_within_25,region_and_workmode,7,,,,,,False,-1,0.95,hex,PanelOLS hex+date FE event-study
utlz_within_25,region_and_workmode,8,,,,,,False,-1,0.95,hex,PanelOLS hex+date FE event-study
utlz_within_25,region_only,-8,0.02113561674017936,0.02798356347644951,-0.033712053266020184,0.0759832867463789,0.4500792976527319,True,-1,0.95,hex,PanelOLS hex+date FE event-study
utlz_within_25,region_only,-7,0.016570713947091035,0.03921015131285273,-0.0602810223198213,0.09342245021400336,0.6725789697478457,True,-1,0.95,hex,PanelOLS hex+date FE event-study
utlz_within_25,region_only,-6,0.06727558559178486,0.039116107943588295,-0.009391826055854882,0.1439429972394246,0.08545575352326074,True,-1,0.95,hex,PanelOLS hex+date FE event-study
utlz_within_25,region_only,-5,0.060562140839366375,0.038105629689006236,-0.014124737560518845,0.1352490192392516,0.11199181934703106,True,-1,0.95,hex,PanelOLS hex+date FE event-study
utlz_within_25,region_only,-4,0.05941904082792525,0.03734222024938444,-0.013771558191414596,0.1326096398472651,0.11156822467125838,True,-1,0.95,hex,PanelOLS hex+date FE event-study
utlz_within_25,region_only,-3,0.0037477609703890622,0.03759218471500372,-0.06993276737961306,0.07742828932039118,0.92058656775331,True,-1,0.95,hex,PanelOLS hex+date FE event-study
utlz_within_25,region_only,-2,0.036954080172206624,0.03515314659886183,-0.031945943441889516,0.10585410378630276,0.29315589190635305,True,-1,0.95,hex,PanelOLS hex+date FE event-study
utlz_within_25,region_only,0,0.029780782834770328,0.05410905226753372,-0.07627273839084145,0.1358343040603821,0.5820573428491023,True,-1,0.95,hex,PanelOLS hex+date FE event-study
utlz_within_25,region_only,1,-0.023828804058024948,0.07601301171344677,-0.17281399624575983,0.12515638812970992,0.7539144433022029,True,-1,0.95,hex,PanelOLS hex+date FE event-study
utlz_within_25,region_only,2,0.062216544879137414,0.07937986339010047,-0.09336766282984557,0.2178007525881204,0.4331702638271584,True,-1,0.95,hex,PanelOLS hex+date FE event-study
utlz_within_25,region_only,3,0.01346545021436868,0.05646788039353209,-0.09721136449439727,0.12414226492313463,0.8115233529719299,True,-1,0.95,hex,PanelOLS hex+date FE event-study
utlz_within_25,region_only,4,-0.006341513089903844,0.0693453600948845,-0.1422581353651979,0.1295751091853902,0.9271366564116039,True,-1,0.95,hex,PanelOLS hex+date FE event-study
utlz_within_25,region_only,5,-0.10749617154826847,0.06302353275383413,-0.23102203808118152,0.01602969498464457,0.08807719848355666,True,-1,0.95,hex,PanelOLS hex+date FE event-study
utlz_within_25,region_only,6,0.17761687141334628,0.18078608821987638,-0.1767231223740903,0.5319568652007829,0.32587165428352205,True,-1,0.95,hex,PanelOLS hex+date FE event-study
utlz_within_25,region_only,7,,,,,,False,-1,0.95,hex,PanelOLS hex+date FE event-study
utlz_within_25,region_only,8,,,,,,False,-1,0.95,hex,PanelOLS hex+date FE event-study
utlz_within_25,workmode_only,-8,0.01177919250972254,0.017619828869082376,-0.022755489037636866,0.04631387405708194,0.5038039474789435,True,-1,0.95,hex,PanelOLS hex+date FE event-study
utlz_within_25,workmode_only,-7,-0.001917545218723455,0.023887312673268914,-0.04873642991521861,0.044901339477771696,0.9360190078719319,True,-1,0.95,hex,PanelOLS hex+date FE event-study
utlz_within_25,workmode_only,-6,0.031660555704617524,0.022650891387449457,-0.012734956115704216,0.07605606752493926,0.16218789240311482,True,-1,0.95,hex,PanelOLS hex+date FE event-study
utlz_within_25,workmode_only,-5,0.0006160119828255607,0.024164905101840623,-0.046746950990020145,0.04797897495567127,0.9796625771127236,True,-1,0.95,hex,PanelOLS hex+date FE event-study
utlz_within_25,workmode_only,-4,0.013116093824630012,0.024804785070619444,-0.035501027239903324,0.06173321488916335,0.5969643875752961,True,-1,0.95,hex,PanelOLS hex+date FE event-study
utlz_within_25,workmode_only,-3,0.019867947241303488,0.02326339291388097,-0.02572806120811437,0.06546395569072135,0.39308315141348116,True,-1,0.95,hex,PanelOLS hex+date FE event-study
utlz_within_25,workmode_only,-2,0.03394537497064035,0.023786325594520628,-0.012675576100569158,0.08056632604184986,0.15355553939928046,True,-1,0.95,hex,PanelOLS hex+date FE event-study
utlz_within_25,workmode_only,0,0.026711742214875923,0.025093703530063637,-0.022471656028862416,0.07589514045861426,0.28711414636978505,True,-1,0.95,hex,PanelOLS hex+date FE event-study
utlz_within_25,workmode_only,1,0.026247649807601345,0.024756162158398633,-0.022274170854077485,0.07476947046928017,0.289034952514579,True,-1,0.95,hex,PanelOLS hex+date FE event-study
utlz_within_25,workmode_only,2,-0.018153043101037762,0.02560603516804205,-0.06834060603307611,0.032034519831000585,0.4783659074120208,True,-1,0.95,hex,PanelOLS hex+date FE event-study
utlz_within_25,workmode_only,3,0.015257449363421318,0.024055705920006425,-0.03189148434739827,0.06240638307424091,0.5259160512640366,True,-1,0.95,hex,PanelOLS hex+date FE event-study
utlz_within_25,workmode_only,4,0.002909064322278409,0.024901420989244413,-0.04589746213889903,0.05171559078345585,0.9070003918299303,True,-1,0.95,hex,PanelOLS hex+date FE event-study
utlz_within_25,workmode_only,5,0.020047496693000107,0.052330559366096985,-0.08251985605095782,0.12261484943695802,0.7016513250056544,True,-1,0.95,hex,PanelOLS hex+date FE event-study
utlz_within_25,workmode_only,6,-0.42393572618285175,0.04843138290997487,-0.5188607335777341,-0.3290107187879694,0.0,True,-1,0.95,hex,PanelOLS hex+date FE event-study
utlz_within_25,workmode_only,7,,,,,,False,-1,0.95,hex,PanelOLS hex+date FE event-study
utlz_within_25,workmode_only,8,,,,,,False,-1,0.95,hex,PanelOLS hex+date FE event-study
t_available,region_and_workmode,-8,-0.06281431540776518,0.05349596811951093,-0.16766586898788982,0.042037238172359465,0.240322841097258,True,-1,0.95,hex,PanelOLS hex+date FE event-study
t_available,region_and_workmode,-7,0.08528537505539983,0.0746839348477316,-0.061094377877895775,0.23166512798869543,0.25347747298848455,True,-1,0.95,hex,PanelOLS hex+date FE event-study
t_available,region_and_workmode,-6,0.026276530202806188,0.06262920484899336,-0.09647607450255313,0.1490291349081655,0.6748099846549809,True,-1,0.95,hex,PanelOLS hex+date FE event-study
t_available,region_and_workmode,-5,0.04363912750603336,0.06583313179904103,-0.08539314144466201,0.17267139645672872,0.5074123737085896,True,-1,0.95,hex,PanelOLS hex+date FE event-study
t_available,region_and_workmode,-4,0.1262854462932224,0.07220938590013735,-0.015244215863406102,0.2678151084498509,0.08031535740778772,True,-1,0.95,hex,PanelOLS hex+date FE event-study
t_available,region_and_workmode,-3,-0.11056373208509983,0.06418915287236035,-0.23637381905508276,0.015246354884883087,0.08498822729397681,True,-1,0.95,hex,PanelOLS hex+date FE event-study
t_available,region_and_workmode,-2,-0.1265653476323844,0.07222790187765407,-0.26813130091667964,0.015000605651910859,0.07972463488389336,True,-1,0.95,hex,PanelOLS hex+date FE event-study
t_available,region_and_workmode,0,0.7008450944820079,0.11992175628501094,0.4657996714989155,0.9358905174651004,5.107636757983869e-09,True,-1,0.95,hex,PanelOLS hex+date FE event-study
t_available,region_and_workmode,1,0.8513995407499428,0.1253921477045974,0.605632206206083,1.0971668752938026,1.1289413848203367e-11,True,-1,0.95,hex,PanelOLS hex+date FE event-study
t_available,region_and_workmode,2,0.8718319078631837,0.13536554457600025,0.6065168168584711,1.1371469988678962,1.19607657111942e-10,True,-1,0.95,hex,PanelOLS hex+date FE event-study
t_available,region_and_workmode,3,0.5234727929520394,0.1465445827327687,0.23624690082582767,0.8106986850782512,0.0003543030411166104,True,-1,0.95,hex,PanelOLS hex+date FE event-study
t_available,region_and_workmode,4,1.6218676301155428,0.30190492447029094,1.0301370478503165,2.213598212380769,7.800774737276583e-08,True,-1,0.95,hex,PanelOLS hex+date FE event-study
t_available,region_and_workmode,5,1.7019398032399469,0.2951652687785571,1.1234188776033232,2.2804607288765704,8.140676577284012e-09,True,-1,0.95,hex,PanelOLS hex+date FE event-study
t_available,region_and_workmode,6,1.3885985094078561,0.34728597367172337,0.7079215321313981,2.0692754866843144,6.381399344790317e-05,True,-1,0.95,hex,PanelOLS hex+date FE event-study
t_available,region_and_workmode,7,3.558170651069766,0.3897230449599616,2.794317445558279,4.322023856581254,0.0,True,-1,0.95,hex,PanelOLS hex+date FE event-study
t_available,region_and_workmode,8,2.389030893061181,0.42077165700532454,1.5643227236355903,3.2137390624867717,1.3689873457067847e-08,True,-1,0.95,hex,PanelOLS hex+date FE event-study
t_available,region_only,-8,0.23165384964165497,0.05005626263975083,0.1335439403267859,0.32976375895652404,3.70006945726864e-06,True,-1,0.95,hex,PanelOLS hex+date FE event-study
t_available,region_only,-7,0.2776072816768952,0.11552191970488028,0.0511851624768708,0.5040294008769196,0.016260256795110006,True,-1,0.95,hex,PanelOLS hex+date FE event-study
t_available,region_only,-6,0.158449478120749,0.07105703742996726,0.019178203542986244,0.2977207526985117,0.02575732822979493,True,-1,0.95,hex,PanelOLS hex+date FE event-study
t_available,region_only,-5,0.2324857865565313,0.06425803320514965,0.10654051062011632,0.35843106249294626,0.0002970613676041012,True,-1,0.95,hex,PanelOLS hex+date FE event-study
t_available,region_only,-4,0.17577977386490382,0.06475568358109873,0.04885910682495684,0.3027004409048508,0.006638821909224157,True,-1,0.95,hex,PanelOLS hex+date FE event-study
t_available,region_only,-3,-0.054655206894415255,0.0617290741483212,-0.17564374154328907,0.06633332775445858,0.375941023216934,True,-1,0.95,hex,PanelOLS hex+date FE event-study
t_available,region_only,-2,0.023618204368023168,0.06233040334046939,-0.09854893110717747,0.1457853398432238,0.7047486276855937,True,-1,0.95,hex,PanelOLS hex+date FE event-study
t_available,region_only,0,0.270207454245738,0.20706106668234905,-0.1356307247059786,0.6760456331974546,0.19190838519158993,True,-1,0.95,hex,PanelOLS hex+date FE event-study
t_available,region_only,1,-0.10490968885604232,0.1019718695984089,-0.30477380877583005,0.09495443106374543,0.30357193394218385,True,-1,0.95,hex,PanelOLS hex+date FE event-study
t_available,region_only,2,-0.2993484638412879,0.0877705566567615,-0.4713781140787414,-0.12731881360383432,0.0006485597173393476,True,-1,0.95,hex,PanelOLS hex+date FE event-study
t_available,region_only,3,-0.20678186702211585,0.10060057040925546,-0.40395825054297085,-0.009605483501260864,0.03983637063384737,True,-1,0.95,hex,PanelOLS hex+date FE event-study
t_available,region_only,4,0.8585649309587428,0.1944704421164157,0.47740428423254094,1.2397255776849445,1.0119094753457958e-05,True,-1,0.95,hex,PanelOLS hex+date FE event-study
t_available,region_only,5,0.8496743853652686,0.1912341344773403,0.47485687798348447,1.2244918927470527,8.87826352036214e-06,True,-1,0.95,hex,PanelOLS hex+date FE event-study
t_available,region_only,6,0.9522893001084823,0.29791459891512245,0.36837886129902697,1.5361997389179378,0.0013914959585219489,True,-1,0.95,hex,PanelOLS hex+date FE event-study
t_available,region_only,7,1.0209444111258041,0.20222963115699258,0.6245758105296426,1.4173130117219657,4.463734504245309e-07,True,-1,0.95,hex,PanelOLS hex+date FE event-study
t_available,region_only,8,0.8001739797774342,0.16246249033076743,0.4817486848621539,1.1185992746927145,8.440002206011599e-07,True,-1,0.95,hex,PanelOLS hex+date FE event-study
t_available,workmode_only,-8,-0.5093468624182257,0.16164221825548145,-0.826163417389102,-0.19253030744734934,0.0016271571836343757,True,-1,0.95,hex,PanelOLS hex+date FE event-study
t_available,workmode_only,-7,-0.5031838865012855,0.17799636889147966,-0.8520543548611909,-0.15431341814138022,0.004700492146938906,True,-1,0.95,hex,PanelOLS hex+date FE event-study
t_available,workmode_only,-6,-0.5544606126865872,0.18306948178016275,-0.9132743134873553,-0.19564691188581906,0.0024567626239484497,True,-1,0.95,hex,PanelOLS hex+date FE event-study
t_available,workmode_only,-5,-0.38295197607369563,0.1465406563748366,-0.6701696746236372,-0.09573427752375413,0.008969012589675973,True,-1,0.95,hex,PanelOLS hex+date FE event-study
t_available,workmode_only,-4,-0.4972916819617534,0.19096920284485053,-0.8715887288830848,-0.12299463504042202,0.009214455359636942,True,-1,0.95,hex,PanelOLS hex+date FE event-study
t_available,workmode_only,-3,-0.5437178137888518,0.15605119611997995,-0.8495760412209669,-0.23785958635673665,0.0004937601931007674,True,-1,0.95,hex,PanelOLS hex+date FE event-study
t_available,workmode_only,-2,-0.5175337971410643,0.15490510875255561,-0.8211457088806471,-0.21392188540148144,0.0008351422818677623,True,-1,0.95,hex,PanelOLS hex+date FE event-study
t_available,workmode_only,0,-0.1340046237896442,0.13101586388122513,-0.39079393965870823,0.12278469207941986,0.3063989906789497,True,-1,0.95,hex,PanelOLS hex+date FE event-study
t_available,workmode_only,1,-0.026466385413582292,0.17940074056878008,-0.3780894032095376,0.32515663238237297,0.8827166489979126,True,-1,0.95,hex,PanelOLS hex+date FE event-study
t_available,workmode_only,2,-0.3371139498112627,0.15265469016313427,-0.636315071644362,-0.03791282797816342,0.0272224954497835,True,-1,0.95,hex,PanelOLS hex+date FE event-study
t_available,workmode_only,3,-0.21165127250914612,0.11983949132435807,-0.44653504978345265,0.023232504765160422,0.07737811564521158,True,-1,0.95,hex,PanelOLS hex+date FE event-study
t_available,workmode_only,4,-0.4385080937045673,0.16723708380441335,-0.7662905092523894,-0.11072567815674517,0.008740885123561748,True,-1,0.95,hex,PanelOLS hex+date FE event-study
t_available,workmode_only,5,-0.3340003420667164,0.16933869886008446,-0.6659018946135142,-0.0020987895199186535,0.048568792919065684,True,-1,0.95,hex,PanelOLS hex+date FE event-study
t_available,workmode_only,6,-0.6687963198506203,0.16782259518055997,-0.9977263297527456,-0.339866309948495,6.74859344289569e-05,True,-1,0.95,hex,PanelOLS hex+date FE event-study
t_available,workmode_only,7,-0.47998706946994263,0.15841690439416564,-0.7904820530266798,-0.16949208591320536,0.0024469541361478164,True,-1,0.95,hex,PanelOLS hex+date FE event-study
t_available,workmode_only,8,0.8321499917556322,0.3281063995069463,0.1890658997556528,1.4752340837556117,0.011207060461378093,True,-1,0.95,hex,PanelOLS hex+date FE event-study
